Asset,Strategy,FGI_Threshold,Leverage,Total_Return%,Monthly_Return%,Sharpe_Ratio,Max_Drawdown%,Win_Rate%,Total_Trades,Liquidations,Time_In_Market%
ETH,momentum,50,9,2773.9849,231.1654,64.8775,88.9910,28.5714,14,0,63.9087
ETH,momentum,50,8,2408.9459,200.7455,64.8728,82.9133,28.5714,14,0,63.9087
ETH,momentum,50,10,2408.9459,200.7455,64.8728,82.9133,28.5714,14,0,63.9087
ETH,momentum,50,7,2015.7360,167.9780,64.8666,75.8857,28.5714,14,0,63.9087
ETH,momentum,50,6,1617.6019,134.8002,64.8585,67.9082,28.5714,14,0,63.9087
ETH,momentum,50,5,1234.8022,102.9002,64.8470,62.8385,28.5714,14,0,63.9087
ETH,momentum,49,7,1035.5011,86.2918,44.9910,74.0184,21.4286,14,0,68.0231
ETH,momentum,49,8,1022.1560,85.1797,44.9938,79.1253,21.4286,14,0,68.0231
ETH,momentum,49,5,992.9786,82.7482,44.9872,69.5932,21.4286,14,0,68.0231
ETH,momentum,49,6,992.9786,82.7482,44.9872,69.5932,21.4286,14,0,68.0231
ETH,momentum,49,9,953.9398,79.4950,44.9959,84.8776,21.4286,14,0,68.0231
ETH,momentum,50,4,884.1428,73.6786,64.8299,56.7984,28.5714,14,0,63.9087
ETH,momentum,49,10,835.8609,69.6551,44.9977,89.7129,21.4286,14,0,68.0231
ETH,momentum,53,10,828.0849,69.0071,40.8524,83.2027,20.0000,20,0,28.9929
ETH,momentum,53,9,794.8403,66.2367,40.8468,79.2293,20.0000,20,0,28.9929
ETH,momentum,49,4,756.2840,63.0237,44.9742,58.4304,21.4286,14,0,68.0231
ETH,momentum,53,8,744.3659,62.0305,40.8398,74.6062,20.0000,20,0,28.9929
ETH,momentum,53,6,677.4893,56.4574,40.8308,69.3137,20.0000,20,0,28.9929
ETH,momentum,53,7,677.4893,56.4574,40.8308,69.3137,20.0000,20,0,28.9929
ETH,momentum,52,9,614.7927,51.2327,36.5050,77.6494,25.0000,24,0,38.9737
ETH,momentum,52,7,608.2856,50.6905,36.4972,72.7401,25.0000,24,0,38.9737
ETH,momentum,52,10,599.0427,49.9202,36.5113,81.8779,25.0000,24,0,38.9737
ETH,momentum,64,7,595.8276,49.6523,40.8187,63.1426,20.0000,20,0,28.9929
ETH,momentum,49,3,579.7950,48.3163,44.9612,50.9752,21.4286,14,0,68.0231
ETH,momentum,52,8,578.9003,48.2417,36.4872,67.2549,25.0000,24,0,38.9737
ETH,momentum,50,3,578.5954,48.2163,64.8013,48.9557,28.5714,14,0,63.9087
ETH,momentum,52,6,527.5516,43.9626,36.4738,61.2333,25.0000,24,0,38.9737
ETH,momentum,53,5,501.8551,41.8213,40.8019,55.9811,20.0000,20,0,28.9929
ETH,momentum,52,3,456.7612,38.0634,36.4551,54.3074,25.0000,24,0,38.9737
ETH,momentum,53,4,398.9570,33.2464,40.7766,47.7073,20.0000,20,0,28.9929
ETH,momentum,49,2,382.4870,31.8739,44.9351,41.1761,21.4286,14,0,68.0231
ETH,momentum,52,4,370.6273,30.8856,36.4270,46.3466,25.0000,24,0,38.9737
ETH,momentum,50,2,327.0041,27.2503,64.7441,38.3617,28.5714,14,0,63.9087
ETH,momentum,53,2,291.4649,24.2887,40.7345,38.1886,20.0000,20,0,28.9929
ETH,momentum,52,5,274.6837,22.8903,36.3802,37.8881,25.0000,24,0,38.9737
ETH,momentum,54,8,219.9504,18.3292,26.0403,76.6442,15.6250,32,0,21.1936
ETH,momentum,54,9,218.1988,18.1832,26.0538,81.7249,15.6250,32,0,21.1936
ETH,momentum,54,7,214.2296,17.8525,26.0229,71.0747,15.6250,32,0,21.1936
ETH,momentum,54,10,209.5134,17.4595,26.0647,86.3646,15.6250,32,0,21.1936
ETH,momentum,54,6,200.8230,16.7352,25.9998,64.9512,15.6250,32,0,21.1936
ETH,momentum,53,3,184.6710,15.3893,40.6502,27.2810,20.0000,20,0,28.9929
ETH,momentum,49,1,182.0815,15.1735,44.8570,26.7565,21.4286,14,0,68.0231
ETH,momentum,54,3,179.8968,14.9914,25.9673,58.1780,15.6250,32,0,21.1936
ETH,momentum,52,2,175.6494,14.6375,36.2866,28.8042,25.0000,24,0,38.9737
ETH,momentum,54,4,152.0398,12.6700,25.9187,50.6052,15.6250,32,0,21.1936
ETH,momentum,48,2,139.3740,11.6145,20.3441,73.1762,19.4444,36,0,77.6195
ETH,momentum,50,1,133.8873,11.1573,64.5724,23.2608,28.5714,14,0,63.9087
ETH,momentum,54,5,118.2861,9.8572,25.8376,41.9762,15.6250,32,0,21.1936
ETH,momentum,48,1,110.8584,9.2382,20.2243,47.7526,19.4444,36,0,77.6195
ETH,momentum,51,3,88.8035,7.4003,19.6270,53.8837,10.5263,38,0,52.7410
ETH,momentum,53,1,84.8173,7.0681,40.3974,14.8285,20.0000,20,0,28.9929
ETH,momentum,51,2,82.8813,6.9068,19.5297,39.8587,10.5263,38,0,52.7410
ETH,momentum,47,1,82.6566,6.8881,-22.1475,57.9201,14.2857,14,0,88.3237
ETH,momentum,52,1,81.0707,6.7559,36.0059,16.8138,25.0000,24,0,38.9737
ETH,momentum,54,2,80.1167,6.6764,25.6753,31.7987,15.6250,32,0,21.1936
ETH,momentum,51,4,72.6485,6.0540,19.6756,65.9046,10.5263,38,0,52.7410
ETH,momentum,48,3,67.9356,5.6613,20.3840,89.2328,19.4444,36,0,77.6195
ETH,momentum,1,1,62.3398,5.1950,0.0000,70.6081,50.0000,2,0,99.9887
ETH,momentum,2,1,62.3398,5.1950,0.0000,70.6081,50.0000,2,0,99.9887
ETH,momentum,3,1,62.3398,5.1950,0.0000,70.6081,50.0000,2,0,99.9887
ETH,momentum,4,2,62.3398,5.1950,0.0000,70.6081,50.0000,2,0,99.9887
ETH,momentum,5,4,62.3398,5.1950,0.0000,70.6081,50.0000,2,0,99.9887
ETH,momentum,6,1,62.3398,5.1950,0.0000,70.6081,50.0000,2,0,99.9887
ETH,momentum,7,3,62.3398,5.1950,0.0000,70.6081,50.0000,2,0,99.9887
ETH,momentum,8,1,62.3398,5.1950,0.0000,70.6081,50.0000,2,0,99.9887
ETH,momentum,9,1,62.3398,5.1950,0.0000,70.6081,50.0000,2,0,99.9887
ETH,momentum,10,1,62.3398,5.1950,0.0000,70.6081,50.0000,2,0,99.9887
ETH,momentum,11,1,62.3398,5.1950,0.0000,70.6081,50.0000,2,0,99.9887
ETH,momentum,12,1,62.3398,5.1950,0.0000,70.6081,50.0000,2,0,99.9887
ETH,momentum,13,1,62.3398,5.1950,0.0000,70.6081,50.0000,2,0,99.9887
ETH,momentum,14,1,62.3398,5.1950,0.0000,70.6081,50.0000,2,0,99.9887
ETH,momentum,15,1,62.3398,5.1950,0.0000,70.6081,50.0000,2,0,99.9887
ETH,momentum,16,1,62.3398,5.1950,0.0000,70.6081,50.0000,2,0,99.9887
ETH,momentum,17,2,62.3398,5.1950,0.0000,70.6081,50.0000,2,0,99.9887
ETH,momentum,18,1,62.3398,5.1950,0.0000,70.6081,50.0000,2,0,99.9887
ETH,momentum,19,3,62.3398,5.1950,0.0000,70.6081,50.0000,2,0,99.9887
ETH,momentum,21,2,62.3398,5.1950,0.0000,70.6081,50.0000,2,0,99.9887
ETH,momentum,22,1,62.3398,5.1950,0.0000,70.6081,50.0000,2,0,99.9887
ETH,momentum,23,1,62.3398,5.1950,0.0000,70.6081,50.0000,2,0,99.9887
ETH,momentum,24,1,62.3398,5.1950,0.0000,70.6081,50.0000,2,0,99.9887
ETH,momentum,25,1,62.3398,5.1950,0.0000,70.6081,50.0000,2,0,99.9887
ETH,momentum,26,1,62.3398,5.1950,0.0000,70.6081,50.0000,2,0,99.9887
ETH,momentum,27,1,62.3398,5.1950,0.0000,70.6081,50.0000,2,0,99.9887
ETH,momentum,28,1,62.3398,5.1950,0.0000,70.6081,50.0000,2,0,99.9887
ETH,momentum,29,1,62.3398,5.1950,0.0000,70.6081,50.0000,2,0,99.9887
ETH,momentum,31,1,62.3398,5.1950,0.0000,70.6081,50.0000,2,0,99.9887
ETH,momentum,32,1,62.3398,5.1950,0.0000,70.6081,50.0000,2,0,99.9887
ETH,momentum,33,1,62.3398,5.1950,0.0000,70.6081,50.0000,2,0,99.9887
ETH,momentum,33,10,62.3398,5.1950,0.0000,70.6081,50.0000,2,0,99.9887
ETH,momentum,34,1,62.3398,5.1950,0.0000,70.6081,50.0000,2,0,99.9887
ETH,momentum,35,1,62.3398,5.1950,0.0000,70.6081,50.0000,2,0,99.9887
ETH,momentum,36,1,62.3398,5.1950,0.0000,70.6081,50.0000,2,0,99.9887
ETH,momentum,37,1,62.3398,5.1950,0.0000,70.6081,50.0000,2,0,99.9887
ETH,momentum,38,1,62.3398,5.1950,0.0000,70.6081,50.0000,2,0,99.9887
ETH,momentum,39,1,62.3398,5.1950,0.0000,70.6081,50.0000,2,0,99.9887
ETH,momentum,40,1,62.3398,5.1950,0.0000,70.6081,50.0000,2,0,99.9887
ETH,momentum,41,1,62.3398,5.1950,0.0000,70.6081,50.0000,2,0,99.9887
ETH,momentum,42,1,62.3398,5.1950,0.0000,70.6081,50.0000,2,0,99.9887
ETH,momentum,43,2,62.3398,5.1950,0.0000,70.6081,50.0000,2,0,99.9887
ETH,momentum,44,1,62.3398,5.1950,0.0000,70.6081,50.0000,2,0,99.9887
ETH,momentum,55,6,61.3265,5.1105,26.0401,53.1582,14.2857,14,0,11.7780
ETH,momentum,55,5,60.7688,5.0641,26.0169,47.0083,14.2857,14,0,11.7780
ETH,momentum,55,7,59.1466,4.9289,26.0566,58.6377,14.2857,14,0,11.7780
ETH,momentum,45,1,57.8569,4.8214,0.0000,70.3230,25.0000,4,0,99.7852
ETH,momentum,55,4,57.0044,4.7504,25.9821,40.0570,14.2857,14,0,11.7780
ETH,momentum,47,2,55.2294,4.6025,-21.9069,84.3348,14.2857,14,0,88.3237
ETH,momentum,55,8,54.6654,4.5555,26.0690,63.5507,14.2857,14,0,11.7780
ETH,momentum,51,1,51.3863,4.2822,19.2380,23.4829,7.8947,38,0,52.7410
ETH,momentum,55,3,49.5313,4.1276,25.9242,32.8079,14.2857,14,0,11.7780
ETH,momentum,57,10,48.4801,4.0400,33.9806,49.3623,12.5000,8,0,4.3292
ETH,momentum,55,9,48.2873,4.0239,26.0787,67.9808,14.2857,14,0,11.7780
ETH,momentum,57,9,47.2844,3.9404,33.9653,47.5522,12.5000,8,0,4.3292
ETH,momentum,57,8,45.3459,3.7788,33.9463,45.4681,12.5000,8,0,4.3292
ETH,momentum,57,7,42.6362,3.5530,33.9219,43.0426,12.5000,8,0,4.3292
ETH,momentum,51,6,41.8445,3.4870,19.7048,75.6521,10.5263,38,0,52.7410
ETH,momentum,55,10,40.3849,3.3654,26.0864,71.9959,14.2857,14,0,11.7780
ETH,momentum,54,1,39.4317,3.2860,25.1887,18.9723,15.6250,32,0,21.1936
ETH,momentum,57,6,39.1266,3.2606,33.8893,40.1845,12.5000,8,0,4.3292
ETH,momentum,55,1,37.8140,3.1512,25.8084,25.0125,14.2857,14,0,11.7780
ETH,momentum,46,1,36.1684,3.0140,-24.6542,70.0137,10.0000,20,0,97.2985
ETH,momentum,57,5,34.7880,2.8990,33.8436,36.7665,12.5000,8,0,4.3292
ETH,momentum,57,4,29.5911,2.4659,33.7751,32.6064,12.5000,8,0,4.3292
ETH,momentum,56,4,27.3862,2.2822,20.5845,46.0178,14.2857,14,0,7.8445
ETH,momentum,56,5,26.5016,2.2085,20.6310,53.1159,14.2857,14,0,7.8445
ETH,momentum,56,3,25.5445,2.1287,20.5070,37.8951,14.2857,14,0,7.8445
ETH,momentum,57,1,23.5061,1.9588,33.6610,27.4330,12.5000,8,0,4.3292
ETH,momentum,56,6,23.3076,1.9423,20.6620,59.4102,14.2857,14,0,7.8445
ETH,momentum,55,2,21.2836,1.7736,25.4610,15.0760,14.2857,14,0,11.7780
ETH,momentum,56,2,20.5473,1.7123,20.3519,28.3439,14.2857,14,0,7.8445
ETH,momentum,56,9,18.2047,1.5171,20.6842,65.0329,14.2857,14,0,7.8445
ETH,momentum,57,2,16.5030,1.3752,33.4328,20.8248,12.5000,8,0,4.3292
ETH,momentum,56,1,11.9578,0.9965,19.8868,16.5365,14.2857,14,0,7.8445
ETH,momentum,56,8,11.5736,0.9645,20.7008,70.0699,14.2857,14,0,7.8445
ETH,momentum,57,3,8.5515,0.7126,32.7480,12.0888,12.5000,8,0,4.3292
ETH,momentum,51,5,4.7984,0.3999,19.7243,83.4211,10.5263,38,0,52.7410
ETH,momentum,56,7,3.7716,0.3143,20.7137,74.7410,14.2857,14,0,7.8445
ETH,momentum,60,1,0.0000,0.0000,0.0000,0.0000,0.0000,0,0,0.0000
ETH,momentum,60,2,0.0000,0.0000,0.0000,0.0000,0.0000,0,0,0.0000
ETH,momentum,60,3,0.0000,0.0000,0.0000,0.0000,0.0000,0,0,0.0000
ETH,momentum,60,4,0.0000,0.0000,0.0000,0.0000,0.0000,0,0,0.0000
ETH,momentum,60,5,0.0000,0.0000,0.0000,0.0000,0.0000,0,0,0.0000
ETH,momentum,60,6,0.0000,0.0000,0.0000,0.0000,0.0000,0,0,0.0000
ETH,momentum,60,7,0.0000,0.0000,0.0000,0.0000,0.0000,0,0,0.0000
ETH,momentum,60,8,0.0000,0.0000,0.0000,0.0000,0.0000,0,0,0.0000
ETH,momentum,60,9,0.0000,0.0000,0.0000,0.0000,0.0000,0,0,0.0000
ETH,momentum,60,10,0.0000,0.0000,0.0000,0.0000,0.0000,0,0,0.0000
ETH,momentum,61,1,0.0000,0.0000,0.0000,0.0000,0.0000,0,0,0.0000
ETH,momentum,61,2,0.0000,0.0000,0.0000,0.0000,0.0000,0,0,0.0000
ETH,momentum,61,3,0.0000,0.0000,0.0000,0.0000,0.0000,0,0,0.0000
ETH,momentum,61,4,0.0000,0.0000,0.0000,0.0000,0.0000,0,0,0.0000
ETH,momentum,61,5,0.0000,0.0000,0.0000,0.0000,0.0000,0,0,0.0000
ETH,momentum,61,6,0.0000,0.0000,0.0000,0.0000,0.0000,0,0,0.0000
ETH,momentum,61,7,0.0000,0.0000,0.0000,0.0000,0.0000,0,0,0.0000
ETH,momentum,61,8,0.0000,0.0000,0.0000,0.0000,0.0000,0,0,0.0000
ETH,momentum,61,9,0.0000,0.0000,0.0000,0.0000,0.0000,0,0,0.0000
ETH,momentum,61,10,0.0000,0.0000,0.0000,0.0000,0.0000,0,0,0.0000
ETH,momentum,62,1,0.0000,0.0000,0.0000,0.0000,0.0000,0,0,0.0000
ETH,momentum,62,2,0.0000,0.0000,0.0000,0.0000,0.0000,0,0,0.0000
ETH,momentum,62,3,0.0000,0.0000,0.0000,0.0000,0.0000,0,0,0.0000
ETH,momentum,62,4,0.0000,0.0000,0.0000,0.0000,0.0000,0,0,0.0000
ETH,momentum,62,5,0.0000,0.0000,0.0000,0.0000,0.0000,0,0,0.0000
ETH,momentum,62,6,0.0000,0.0000,0.0000,0.0000,0.0000,0,0,0.0000
ETH,momentum,62,7,0.0000,0.0000,0.0000,0.0000,0.0000,0,0,0.0000
ETH,momentum,62,8,0.0000,0.0000,0.0000,0.0000,0.0000,0,0,0.0000
ETH,momentum,62,9,0.0000,0.0000,0.0000,0.0000,0.0000,0,0,0.0000
ETH,momentum,62,10,0.0000,0.0000,0.0000,0.0000,0.0000,0,0,0.0000
ETH,momentum,63,1,0.0000,0.0000,0.0000,0.0000,0.0000,0,0,0.0000
ETH,momentum,63,2,0.0000,0.0000,0.0000,0.0000,0.0000,0,0,0.0000
ETH,momentum,63,3,0.0000,0.0000,0.0000,0.0000,0.0000,0,0,0.0000
ETH,momentum,63,4,0.0000,0.0000,0.0000,0.0000,0.0000,0,0,0.0000
ETH,momentum,63,5,0.0000,0.0000,0.0000,0.0000,0.0000,0,0,0.0000
ETH,momentum,63,6,0.0000,0.0000,0.0000,0.0000,0.0000,0,0,0.0000
ETH,momentum,63,7,0.0000,0.0000,0.0000,0.0000,0.0000,0,0,0.0000
ETH,momentum,63,8,0.0000,0.0000,0.0000,0.0000,0.0000,0,0,0.0000
ETH,momentum,63,9,0.0000,0.0000,0.0000,0.0000,0.0000,0,0,0.0000
ETH,momentum,63,10,0.0000,0.0000,0.0000,0.0000,0.0000,0,0,0.0000
ETH,momentum,64,1,0.0000,0.0000,0.0000,0.0000,0.0000,0,0,0.0000
ETH,momentum,64,2,0.0000,0.0000,0.0000,0.0000,0.0000,0,0,0.0000
ETH,momentum,64,3,0.0000,0.0000,0.0000,0.0000,0.0000,0,0,0.0000
ETH,momentum,64,4,0.0000,0.0000,0.0000,0.0000,0.0000,0,0,0.0000
ETH,momentum,64,5,0.0000,0.0000,0.0000,0.0000,0.0000,0,0,0.0000
ETH,momentum,64,6,0.0000,0.0000,0.0000,0.0000,0.0000,0,0,0.0000
ETH,momentum,64,8,0.0000,0.0000,0.0000,0.0000,0.0000,0,0,0.0000
ETH,momentum,64,9,0.0000,0.0000,0.0000,0.0000,0.0000,0,0,0.0000
ETH,momentum,64,10,0.0000,0.0000,0.0000,0.0000,0.0000,0,0,0.0000
ETH,momentum,65,1,0.0000,0.0000,0.0000,0.0000,0.0000,0,0,0.0000
ETH,momentum,65,2,0.0000,0.0000,0.0000,0.0000,0.0000,0,0,0.0000
ETH,momentum,65,3,0.0000,0.0000,0.0000,0.0000,0.0000,0,0,0.0000
ETH,momentum,65,4,0.0000,0.0000,0.0000,0.0000,0.0000,0,0,0.0000
ETH,momentum,65,5,0.0000,0.0000,0.0000,0.0000,0.0000,0,0,0.0000
ETH,momentum,65,6,0.0000,0.0000,0.0000,0.0000,0.0000,0,0,0.0000
ETH,momentum,65,7,0.0000,0.0000,0.0000,0.0000,0.0000,0,0,0.0000
ETH,momentum,65,8,0.0000,0.0000,0.0000,0.0000,0.0000,0,0,0.0000
ETH,momentum,65,9,0.0000,0.0000,0.0000,0.0000,0.0000,0,0,0.0000
ETH,momentum,65,10,0.0000,0.0000,0.0000,0.0000,0.0000,0,0,0.0000
ETH,momentum,66,1,0.0000,0.0000,0.0000,0.0000,0.0000,0,0,0.0000
ETH,momentum,66,2,0.0000,0.0000,0.0000,0.0000,0.0000,0,0,0.0000
ETH,momentum,66,3,0.0000,0.0000,0.0000,0.0000,0.0000,0,0,0.0000
ETH,momentum,66,4,0.0000,0.0000,0.0000,0.0000,0.0000,0,0,0.0000
ETH,momentum,66,5,0.0000,0.0000,0.0000,0.0000,0.0000,0,0,0.0000
ETH,momentum,66,6,0.0000,0.0000,0.0000,0.0000,0.0000,0,0,0.0000
ETH,momentum,66,7,0.0000,0.0000,0.0000,0.0000,0.0000,0,0,0.0000
ETH,momentum,66,8,0.0000,0.0000,0.0000,0.0000,0.0000,0,0,0.0000
ETH,momentum,66,9,0.0000,0.0000,0.0000,0.0000,0.0000,0,0,0.0000
ETH,momentum,66,10,0.0000,0.0000,0.0000,0.0000,0.0000,0,0,0.0000
ETH,momentum,67,1,0.0000,0.0000,0.0000,0.0000,0.0000,0,0,0.0000
ETH,momentum,67,3,0.0000,0.0000,0.0000,0.0000,0.0000,0,0,0.0000
ETH,momentum,67,4,0.0000,0.0000,0.0000,0.0000,0.0000,0,0,0.0000
ETH,momentum,67,5,0.0000,0.0000,0.0000,0.0000,0.0000,0,0,0.0000
ETH,momentum,67,6,0.0000,0.0000,0.0000,0.0000,0.0000,0,0,0.0000
ETH,momentum,67,7,0.0000,0.0000,0.0000,0.0000,0.0000,0,0,0.0000
ETH,momentum,67,8,0.0000,0.0000,0.0000,0.0000,0.0000,0,0,0.0000
ETH,momentum,67,9,0.0000,0.0000,0.0000,0.0000,0.0000,0,0,0.0000
ETH,momentum,67,10,0.0000,0.0000,0.0000,0.0000,0.0000,0,0,0.0000
ETH,momentum,68,1,0.0000,0.0000,0.0000,0.0000,0.0000,0,0,0.0000
ETH,momentum,68,2,0.0000,0.0000,0.0000,0.0000,0.0000,0,0,0.0000
ETH,momentum,68,3,0.0000,0.0000,0.0000,0.0000,0.0000,0,0,0.0000
ETH,momentum,68,4,0.0000,0.0000,0.0000,0.0000,0.0000,0,0,0.0000
ETH,momentum,68,5,0.0000,0.0000,0.0000,0.0000,0.0000,0,0,0.0000
ETH,momentum,68,6,0.0000,0.0000,0.0000,0.0000,0.0000,0,0,0.0000
ETH,momentum,68,7,0.0000,0.0000,0.0000,0.0000,0.0000,0,0,0.0000
ETH,momentum,68,9,0.0000,0.0000,0.0000,0.0000,0.0000,0,0,0.0000
ETH,momentum,68,10,0.0000,0.0000,0.0000,0.0000,0.0000,0,0,0.0000
ETH,momentum,69,1,0.0000,0.0000,0.0000,0.0000,0.0000,0,0,0.0000
ETH,momentum,69,2,0.0000,0.0000,0.0000,0.0000,0.0000,0,0,0.0000
ETH,momentum,69,3,0.0000,0.0000,0.0000,0.0000,0.0000,0,0,0.0000
ETH,momentum,69,4,0.0000,0.0000,0.0000,0.0000,0.0000,0,0,0.0000
ETH,momentum,69,5,0.0000,0.0000,0.0000,0.0000,0.0000,0,0,0.0000
ETH,momentum,69,6,0.0000,0.0000,0.0000,0.0000,0.0000,0,0,0.0000
ETH,momentum,69,7,0.0000,0.0000,0.0000,0.0000,0.0000,0,0,0.0000
ETH,momentum,69,8,0.0000,0.0000,0.0000,0.0000,0.0000,0,0,0.0000
ETH,momentum,69,9,0.0000,0.0000,0.0000,0.0000,0.0000,0,0,0.0000
ETH,momentum,69,10,0.0000,0.0000,0.0000,0.0000,0.0000,0,0,0.0000
ETH,momentum,70,1,0.0000,0.0000,0.0000,0.0000,0.0000,0,0,0.0000
ETH,momentum,70,2,0.0000,0.0000,0.0000,0.0000,0.0000,0,0,0.0000
ETH,momentum,70,3,0.0000,0.0000,0.0000,0.0000,0.0000,0,0,0.0000
ETH,momentum,70,4,0.0000,0.0000,0.0000,0.0000,0.0000,0,0,0.0000
ETH,momentum,70,5,0.0000,0.0000,0.0000,0.0000,0.0000,0,0,0.0000
ETH,momentum,70,6,0.0000,0.0000,0.0000,0.0000,0.0000,0,0,0.0000
ETH,momentum,70,7,0.0000,0.0000,0.0000,0.0000,0.0000,0,0,0.0000
ETH,momentum,70,8,0.0000,0.0000,0.0000,0.0000,0.0000,0,0,0.0000
ETH,momentum,70,9,0.0000,0.0000,0.0000,0.0000,0.0000,0,0,0.0000
ETH,momentum,70,10,0.0000,0.0000,0.0000,0.0000,0.0000,0,0,0.0000
ETH,momentum,71,1,0.0000,0.0000,0.0000,0.0000,0.0000,0,0,0.0000
ETH,momentum,71,2,0.0000,0.0000,0.0000,0.0000,0.0000,0,0,0.0000
ETH,momentum,71,3,0.0000,0.0000,0.0000,0.0000,0.0000,0,0,0.0000
ETH,momentum,71,4,0.0000,0.0000,0.0000,0.0000,0.0000,0,0,0.0000
ETH,momentum,71,5,0.0000,0.0000,0.0000,0.0000,0.0000,0,0,0.0000
ETH,momentum,71,6,0.0000,0.0000,0.0000,0.0000,0.0000,0,0,0.0000
ETH,momentum,71,7,0.0000,0.0000,0.0000,0.0000,0.0000,0,0,0.0000
ETH,momentum,71,8,0.0000,0.0000,0.0000,0.0000,0.0000,0,0,0.0000
ETH,momentum,71,9,0.0000,0.0000,0.0000,0.0000,0.0000,0,0,0.0000
ETH,momentum,71,10,0.0000,0.0000,0.0000,0.0000,0.0000,0,0,0.0000
ETH,momentum,72,1,0.0000,0.0000,0.0000,0.0000,0.0000,0,0,0.0000
ETH,momentum,72,2,0.0000,0.0000,0.0000,0.0000,0.0000,0,0,0.0000
ETH,momentum,72,3,0.0000,0.0000,0.0000,0.0000,0.0000,0,0,0.0000
ETH,momentum,72,4,0.0000,0.0000,0.0000,0.0000,0.0000,0,0,0.0000
ETH,momentum,72,5,0.0000,0.0000,0.0000,0.0000,0.0000,0,0,0.0000
ETH,momentum,72,6,0.0000,0.0000,0.0000,0.0000,0.0000,0,0,0.0000
ETH,momentum,72,7,0.0000,0.0000,0.0000,0.0000,0.0000,0,0,0.0000
ETH,momentum,72,8,0.0000,0.0000,0.0000,0.0000,0.0000,0,0,0.0000
ETH,momentum,72,9,0.0000,0.0000,0.0000,0.0000,0.0000,0,0,0.0000
ETH,momentum,72,10,0.0000,0.0000,0.0000,0.0000,0.0000,0,0,0.0000
ETH,momentum,73,1,0.0000,0.0000,0.0000,0.0000,0.0000,0,0,0.0000
ETH,momentum,73,2,0.0000,0.0000,0.0000,0.0000,0.0000,0,0,0.0000
ETH,momentum,73,3,0.0000,0.0000,0.0000,0.0000,0.0000,0,0,0.0000
ETH,momentum,73,4,0.0000,0.0000,0.0000,0.0000,0.0000,0,0,0.0000
ETH,momentum,73,5,0.0000,0.0000,0.0000,0.0000,0.0000,0,0,0.0000
ETH,momentum,73,6,0.0000,0.0000,0.0000,0.0000,0.0000,0,0,0.0000
ETH,momentum,73,7,0.0000,0.0000,0.0000,0.0000,0.0000,0,0,0.0000
ETH,momentum,73,8,0.0000,0.0000,0.0000,0.0000,0.0000,0,0,0.0000
ETH,momentum,73,9,0.0000,0.0000,0.0000,0.0000,0.0000,0,0,0.0000
ETH,momentum,73,10,0.0000,0.0000,0.0000,0.0000,0.0000,0,0,0.0000
ETH,momentum,74,1,0.0000,0.0000,0.0000,0.0000,0.0000,0,0,0.0000
ETH,momentum,74,2,0.0000,0.0000,0.0000,0.0000,0.0000,0,0,0.0000
ETH,momentum,74,3,0.0000,0.0000,0.0000,0.0000,0.0000,0,0,0.0000
ETH,momentum,74,4,0.0000,0.0000,0.0000,0.0000,0.0000,0,0,0.0000
ETH,momentum,74,5,0.0000,0.0000,0.0000,0.0000,0.0000,0,0,0.0000
ETH,momentum,74,6,0.0000,0.0000,0.0000,0.0000,0.0000,0,0,0.0000
ETH,momentum,74,7,0.0000,0.0000,0.0000,0.0000,0.0000,0,0,0.0000
ETH,momentum,74,8,0.0000,0.0000,0.0000,0.0000,0.0000,0,0,0.0000
ETH,momentum,74,9,0.0000,0.0000,0.0000,0.0000,0.0000,0,0,0.0000
ETH,momentum,74,10,0.0000,0.0000,0.0000,0.0000,0.0000,0,0,0.0000
ETH,momentum,75,1,0.0000,0.0000,0.0000,0.0000,0.0000,0,0,0.0000
ETH,momentum,75,2,0.0000,0.0000,0.0000,0.0000,0.0000,0,0,0.0000
ETH,momentum,75,3,0.0000,0.0000,0.0000,0.0000,0.0000,0,0,0.0000
ETH,momentum,75,4,0.0000,0.0000,0.0000,0.0000,0.0000,0,0,0.0000
ETH,momentum,75,5,0.0000,0.0000,0.0000,0.0000,0.0000,0,0,0.0000
ETH,momentum,75,6,0.0000,0.0000,0.0000,0.0000,0.0000,0,0,0.0000
ETH,momentum,75,7,0.0000,0.0000,0.0000,0.0000,0.0000,0,0,0.0000
ETH,momentum,75,8,0.0000,0.0000,0.0000,0.0000,0.0000,0,0,0.0000
ETH,momentum,75,9,0.0000,0.0000,0.0000,0.0000,0.0000,0,0,0.0000
ETH,momentum,75,10,0.0000,0.0000,0.0000,0.0000,0.0000,0,0,0.0000
ETH,momentum,76,1,0.0000,0.0000,0.0000,0.0000,0.0000,0,0,0.0000
ETH,momentum,76,2,0.0000,0.0000,0.0000,0.0000,0.0000,0,0,0.0000
ETH,momentum,76,3,0.0000,0.0000,0.0000,0.0000,0.0000,0,0,0.0000
ETH,momentum,76,4,0.0000,0.0000,0.0000,0.0000,0.0000,0,0,0.0000
ETH,momentum,76,5,0.0000,0.0000,0.0000,0.0000,0.0000,0,0,0.0000
ETH,momentum,76,6,0.0000,0.0000,0.0000,0.0000,0.0000,0,0,0.0000
ETH,momentum,76,7,0.0000,0.0000,0.0000,0.0000,0.0000,0,0,0.0000
ETH,momentum,76,8,0.0000,0.0000,0.0000,0.0000,0.0000,0,0,0.0000
ETH,momentum,76,9,0.0000,0.0000,0.0000,0.0000,0.0000,0,0,0.0000
ETH,momentum,76,10,0.0000,0.0000,0.0000,0.0000,0.0000,0,0,0.0000
ETH,momentum,77,1,0.0000,0.0000,0.0000,0.0000,0.0000,0,0,0.0000
ETH,momentum,77,2,0.0000,0.0000,0.0000,0.0000,0.0000,0,0,0.0000
ETH,momentum,77,3,0.0000,0.0000,0.0000,0.0000,0.0000,0,0,0.0000
ETH,momentum,77,4,0.0000,0.0000,0.0000,0.0000,0.0000,0,0,0.0000
ETH,momentum,77,5,0.0000,0.0000,0.0000,0.0000,0.0000,0,0,0.0000
ETH,momentum,77,6,0.0000,0.0000,0.0000,0.0000,0.0000,0,0,0.0000
ETH,momentum,77,7,0.0000,0.0000,0.0000,0.0000,0.0000,0,0,0.0000
ETH,momentum,77,8,0.0000,0.0000,0.0000,0.0000,0.0000,0,0,0.0000
ETH,momentum,77,9,0.0000,0.0000,0.0000,0.0000,0.0000,0,0,0.0000
ETH,momentum,77,10,0.0000,0.0000,0.0000,0.0000,0.0000,0,0,0.0000
ETH,momentum,78,1,0.0000,0.0000,0.0000,0.0000,0.0000,0,0,0.0000
ETH,momentum,78,2,0.0000,0.0000,0.0000,0.0000,0.0000,0,0,0.0000
ETH,momentum,78,3,0.0000,0.0000,0.0000,0.0000,0.0000,0,0,0.0000
ETH,momentum,78,4,0.0000,0.0000,0.0000,0.0000,0.0000,0,0,0.0000
ETH,momentum,78,5,0.0000,0.0000,0.0000,0.0000,0.0000,0,0,0.0000
ETH,momentum,78,6,0.0000,0.0000,0.0000,0.0000,0.0000,0,0,0.0000
ETH,momentum,78,7,0.0000,0.0000,0.0000,0.0000,0.0000,0,0,0.0000
ETH,momentum,78,8,0.0000,0.0000,0.0000,0.0000,0.0000,0,0,0.0000
ETH,momentum,78,9,0.0000,0.0000,0.0000,0.0000,0.0000,0,0,0.0000
ETH,momentum,78,10,0.0000,0.0000,0.0000,0.0000,0.0000,0,0,0.0000
ETH,momentum,79,1,0.0000,0.0000,0.0000,0.0000,0.0000,0,0,0.0000
ETH,momentum,79,2,0.0000,0.0000,0.0000,0.0000,0.0000,0,0,0.0000
ETH,momentum,79,3,0.0000,0.0000,0.0000,0.0000,0.0000,0,0,0.0000
ETH,momentum,79,4,0.0000,0.0000,0.0000,0.0000,0.0000,0,0,0.0000
ETH,momentum,79,5,0.0000,0.0000,0.0000,0.0000,0.0000,0,0,0.0000
ETH,momentum,79,6,0.0000,0.0000,0.0000,0.0000,0.0000,0,0,0.0000
ETH,momentum,79,7,0.0000,0.0000,0.0000,0.0000,0.0000,0,0,0.0000
ETH,momentum,79,8,0.0000,0.0000,0.0000,0.0000,0.0000,0,0,0.0000
ETH,momentum,79,9,0.0000,0.0000,0.0000,0.0000,0.0000,0,0,0.0000
ETH,momentum,79,10,0.0000,0.0000,0.0000,0.0000,0.0000,0,0,0.0000
ETH,momentum,80,1,0.0000,0.0000,0.0000,0.0000,0.0000,0,0,0.0000
ETH,momentum,80,2,0.0000,0.0000,0.0000,0.0000,0.0000,0,0,0.0000
ETH,momentum,80,3,0.0000,0.0000,0.0000,0.0000,0.0000,0,0,0.0000
ETH,momentum,80,4,0.0000,0.0000,0.0000,0.0000,0.0000,0,0,0.0000
ETH,momentum,80,5,0.0000,0.0000,0.0000,0.0000,0.0000,0,0,0.0000
ETH,momentum,80,6,0.0000,0.0000,0.0000,0.0000,0.0000,0,0,0.0000
ETH,momentum,80,7,0.0000,0.0000,0.0000,0.0000,0.0000,0,0,0.0000
ETH,momentum,80,8,0.0000,0.0000,0.0000,0.0000,0.0000,0,0,0.0000
ETH,momentum,80,9,0.0000,0.0000,0.0000,0.0000,0.0000,0,0,0.0000
ETH,momentum,80,10,0.0000,0.0000,0.0000,0.0000,0.0000,0,0,0.0000
ETH,momentum,81,1,0.0000,0.0000,0.0000,0.0000,0.0000,0,0,0.0000
ETH,momentum,81,2,0.0000,0.0000,0.0000,0.0000,0.0000,0,0,0.0000
ETH,momentum,81,3,0.0000,0.0000,0.0000,0.0000,0.0000,0,0,0.0000
ETH,momentum,81,4,0.0000,0.0000,0.0000,0.0000,0.0000,0,0,0.0000
ETH,momentum,81,5,0.0000,0.0000,0.0000,0.0000,0.0000,0,0,0.0000
ETH,momentum,81,6,0.0000,0.0000,0.0000,0.0000,0.0000,0,0,0.0000
ETH,momentum,81,7,0.0000,0.0000,0.0000,0.0000,0.0000,0,0,0.0000
ETH,momentum,81,8,0.0000,0.0000,0.0000,0.0000,0.0000,0,0,0.0000
ETH,momentum,81,9,0.0000,0.0000,0.0000,0.0000,0.0000,0,0,0.0000
ETH,momentum,81,10,0.0000,0.0000,0.0000,0.0000,0.0000,0,0,0.0000
ETH,momentum,82,1,0.0000,0.0000,0.0000,0.0000,0.0000,0,0,0.0000
ETH,momentum,82,2,0.0000,0.0000,0.0000,0.0000,0.0000,0,0,0.0000
ETH,momentum,82,3,0.0000,0.0000,0.0000,0.0000,0.0000,0,0,0.0000
ETH,momentum,82,4,0.0000,0.0000,0.0000,0.0000,0.0000,0,0,0.0000
ETH,momentum,82,5,0.0000,0.0000,0.0000,0.0000,0.0000,0,0,0.0000
ETH,momentum,82,6,0.0000,0.0000,0.0000,0.0000,0.0000,0,0,0.0000
ETH,momentum,82,7,0.0000,0.0000,0.0000,0.0000,0.0000,0,0,0.0000
ETH,momentum,82,8,0.0000,0.0000,0.0000,0.0000,0.0000,0,0,0.0000
ETH,momentum,82,9,0.0000,0.0000,0.0000,0.0000,0.0000,0,0,0.0000
ETH,momentum,82,10,0.0000,0.0000,0.0000,0.0000,0.0000,0,0,0.0000
ETH,momentum,83,1,0.0000,0.0000,0.0000,0.0000,0.0000,0,0,0.0000
ETH,momentum,83,2,0.0000,0.0000,0.0000,0.0000,0.0000,0,0,0.0000
ETH,momentum,83,4,0.0000,0.0000,0.0000,0.0000,0.0000,0,0,0.0000
ETH,momentum,83,5,0.0000,0.0000,0.0000,0.0000,0.0000,0,0,0.0000
ETH,momentum,83,6,0.0000,0.0000,0.0000,0.0000,0.0000,0,0,0.0000
ETH,momentum,83,7,0.0000,0.0000,0.0000,0.0000,0.0000,0,0,0.0000
ETH,momentum,83,8,0.0000,0.0000,0.0000,0.0000,0.0000,0,0,0.0000
ETH,momentum,83,9,0.0000,0.0000,0.0000,0.0000,0.0000,0,0,0.0000
ETH,momentum,83,10,0.0000,0.0000,0.0000,0.0000,0.0000,0,0,0.0000
ETH,momentum,84,1,0.0000,0.0000,0.0000,0.0000,0.0000,0,0,0.0000
ETH,momentum,84,2,0.0000,0.0000,0.0000,0.0000,0.0000,0,0,0.0000
ETH,momentum,84,3,0.0000,0.0000,0.0000,0.0000,0.0000,0,0,0.0000
ETH,momentum,84,4,0.0000,0.0000,0.0000,0.0000,0.0000,0,0,0.0000
ETH,momentum,84,5,0.0000,0.0000,0.0000,0.0000,0.0000,0,0,0.0000
ETH,momentum,84,6,0.0000,0.0000,0.0000,0.0000,0.0000,0,0,0.0000
ETH,momentum,84,7,0.0000,0.0000,0.0000,0.0000,0.0000,0,0,0.0000
ETH,momentum,84,8,0.0000,0.0000,0.0000,0.0000,0.0000,0,0,0.0000
ETH,momentum,84,9,0.0000,0.0000,0.0000,0.0000,0.0000,0,0,0.0000
ETH,momentum,84,10,0.0000,0.0000,0.0000,0.0000,0.0000,0,0,0.0000
ETH,momentum,85,1,0.0000,0.0000,0.0000,0.0000,0.0000,0,0,0.0000
ETH,momentum,85,2,0.0000,0.0000,0.0000,0.0000,0.0000,0,0,0.0000
ETH,momentum,85,3,0.0000,0.0000,0.0000,0.0000,0.0000,0,0,0.0000
ETH,momentum,85,4,0.0000,0.0000,0.0000,0.0000,0.0000,0,0,0.0000
ETH,momentum,85,5,0.0000,0.0000,0.0000,0.0000,0.0000,0,0,0.0000
ETH,momentum,85,6,0.0000,0.0000,0.0000,0.0000,0.0000,0,0,0.0000
ETH,momentum,85,7,0.0000,0.0000,0.0000,0.0000,0.0000,0,0,0.0000
ETH,momentum,85,8,0.0000,0.0000,0.0000,0.0000,0.0000,0,0,0.0000
ETH,momentum,85,9,0.0000,0.0000,0.0000,0.0000,0.0000,0,0,0.0000
ETH,momentum,85,10,0.0000,0.0000,0.0000,0.0000,0.0000,0,0,0.0000
ETH,momentum,86,1,0.0000,0.0000,0.0000,0.0000,0.0000,0,0,0.0000
ETH,momentum,86,2,0.0000,0.0000,0.0000,0.0000,0.0000,0,0,0.0000
ETH,momentum,86,3,0.0000,0.0000,0.0000,0.0000,0.0000,0,0,0.0000
ETH,momentum,86,4,0.0000,0.0000,0.0000,0.0000,0.0000,0,0,0.0000
ETH,momentum,86,5,0.0000,0.0000,0.0000,0.0000,0.0000,0,0,0.0000
ETH,momentum,86,6,0.0000,0.0000,0.0000,0.0000,0.0000,0,0,0.0000
ETH,momentum,86,7,0.0000,0.0000,0.0000,0.0000,0.0000,0,0,0.0000
ETH,momentum,86,8,0.0000,0.0000,0.0000,0.0000,0.0000,0,0,0.0000
ETH,momentum,86,9,0.0000,0.0000,0.0000,0.0000,0.0000,0,0,0.0000
ETH,momentum,86,10,0.0000,0.0000,0.0000,0.0000,0.0000,0,0,0.0000
ETH,momentum,87,1,0.0000,0.0000,0.0000,0.0000,0.0000,0,0,0.0000
ETH,momentum,87,2,0.0000,0.0000,0.0000,0.0000,0.0000,0,0,0.0000
ETH,momentum,87,3,0.0000,0.0000,0.0000,0.0000,0.0000,0,0,0.0000
ETH,momentum,87,4,0.0000,0.0000,0.0000,0.0000,0.0000,0,0,0.0000
ETH,momentum,87,5,0.0000,0.0000,0.0000,0.0000,0.0000,0,0,0.0000
ETH,momentum,87,6,0.0000,0.0000,0.0000,0.0000,0.0000,0,0,0.0000
ETH,momentum,87,7,0.0000,0.0000,0.0000,0.0000,0.0000,0,0,0.0000
ETH,momentum,87,8,0.0000,0.0000,0.0000,0.0000,0.0000,0,0,0.0000
ETH,momentum,87,9,0.0000,0.0000,0.0000,0.0000,0.0000,0,0,0.0000
ETH,momentum,87,10,0.0000,0.0000,0.0000,0.0000,0.0000,0,0,0.0000
ETH,momentum,88,1,0.0000,0.0000,0.0000,0.0000,0.0000,0,0,0.0000
ETH,momentum,88,2,0.0000,0.0000,0.0000,0.0000,0.0000,0,0,0.0000
ETH,momentum,88,3,0.0000,0.0000,0.0000,0.0000,0.0000,0,0,0.0000
ETH,momentum,88,4,0.0000,0.0000,0.0000,0.0000,0.0000,0,0,0.0000
ETH,momentum,88,5,0.0000,0.0000,0.0000,0.0000,0.0000,0,0,0.0000
ETH,momentum,88,6,0.0000,0.0000,0.0000,0.0000,0.0000,0,0,0.0000
ETH,momentum,88,7,0.0000,0.0000,0.0000,0.0000,0.0000,0,0,0.0000
ETH,momentum,88,8,0.0000,0.0000,0.0000,0.0000,0.0000,0,0,0.0000
ETH,momentum,88,9,0.0000,0.0000,0.0000,0.0000,0.0000,0,0,0.0000
ETH,momentum,88,10,0.0000,0.0000,0.0000,0.0000,0.0000,0,0,0.0000
ETH,momentum,89,1,0.0000,0.0000,0.0000,0.0000,0.0000,0,0,0.0000
ETH,momentum,89,2,0.0000,0.0000,0.0000,0.0000,0.0000,0,0,0.0000
ETH,momentum,89,3,0.0000,0.0000,0.0000,0.0000,0.0000,0,0,0.0000
ETH,momentum,89,4,0.0000,0.0000,0.0000,0.0000,0.0000,0,0,0.0000
ETH,momentum,89,5,0.0000,0.0000,0.0000,0.0000,0.0000,0,0,0.0000
ETH,momentum,89,6,0.0000,0.0000,0.0000,0.0000,0.0000,0,0,0.0000
ETH,momentum,89,7,0.0000,0.0000,0.0000,0.0000,0.0000,0,0,0.0000
ETH,momentum,89,8,0.0000,0.0000,0.0000,0.0000,0.0000,0,0,0.0000
ETH,momentum,89,9,0.0000,0.0000,0.0000,0.0000,0.0000,0,0,0.0000
ETH,momentum,89,10,0.0000,0.0000,0.0000,0.0000,0.0000,0,0,0.0000
ETH,momentum,90,1,0.0000,0.0000,0.0000,0.0000,0.0000,0,0,0.0000
ETH,momentum,90,2,0.0000,0.0000,0.0000,0.0000,0.0000,0,0,0.0000
ETH,momentum,90,3,0.0000,0.0000,0.0000,0.0000,0.0000,0,0,0.0000
ETH,momentum,90,4,0.0000,0.0000,0.0000,0.0000,0.0000,0,0,0.0000
ETH,momentum,90,5,0.0000,0.0000,0.0000,0.0000,0.0000,0,0,0.0000
ETH,momentum,90,6,0.0000,0.0000,0.0000,0.0000,0.0000,0,0,0.0000
ETH,momentum,90,7,0.0000,0.0000,0.0000,0.0000,0.0000,0,0,0.0000
ETH,momentum,90,8,0.0000,0.0000,0.0000,0.0000,0.0000,0,0,0.0000
ETH,momentum,90,9,0.0000,0.0000,0.0000,0.0000,0.0000,0,0,0.0000
ETH,momentum,90,10,0.0000,0.0000,0.0000,0.0000,0.0000,0,0,0.0000
ETH,momentum,91,1,0.0000,0.0000,0.0000,0.0000,0.0000,0,0,0.0000
ETH,momentum,91,2,0.0000,0.0000,0.0000,0.0000,0.0000,0,0,0.0000
ETH,momentum,91,3,0.0000,0.0000,0.0000,0.0000,0.0000,0,0,0.0000
ETH,momentum,91,4,0.0000,0.0000,0.0000,0.0000,0.0000,0,0,0.0000
ETH,momentum,91,5,0.0000,0.0000,0.0000,0.0000,0.0000,0,0,0.0000
ETH,momentum,91,6,0.0000,0.0000,0.0000,0.0000,0.0000,0,0,0.0000
ETH,momentum,91,7,0.0000,0.0000,0.0000,0.0000,0.0000,0,0,0.0000
ETH,momentum,91,8,0.0000,0.0000,0.0000,0.0000,0.0000,0,0,0.0000
ETH,momentum,91,9,0.0000,0.0000,0.0000,0.0000,0.0000,0,0,0.0000
ETH,momentum,91,10,0.0000,0.0000,0.0000,0.0000,0.0000,0,0,0.0000
ETH,momentum,92,1,0.0000,0.0000,0.0000,0.0000,0.0000,0,0,0.0000
ETH,momentum,92,2,0.0000,0.0000,0.0000,0.0000,0.0000,0,0,0.0000
ETH,momentum,92,3,0.0000,0.0000,0.0000,0.0000,0.0000,0,0,0.0000
ETH,momentum,92,4,0.0000,0.0000,0.0000,0.0000,0.0000,0,0,0.0000
ETH,momentum,92,6,0.0000,0.0000,0.0000,0.0000,0.0000,0,0,0.0000
ETH,momentum,92,7,0.0000,0.0000,0.0000,0.0000,0.0000,0,0,0.0000
ETH,momentum,92,8,0.0000,0.0000,0.0000,0.0000,0.0000,0,0,0.0000
ETH,momentum,92,9,0.0000,0.0000,0.0000,0.0000,0.0000,0,0,0.0000
ETH,momentum,92,10,0.0000,0.0000,0.0000,0.0000,0.0000,0,0,0.0000
ETH,momentum,93,1,0.0000,0.0000,0.0000,0.0000,0.0000,0,0,0.0000
ETH,momentum,93,2,0.0000,0.0000,0.0000,0.0000,0.0000,0,0,0.0000
ETH,momentum,93,3,0.0000,0.0000,0.0000,0.0000,0.0000,0,0,0.0000
ETH,momentum,93,4,0.0000,0.0000,0.0000,0.0000,0.0000,0,0,0.0000
ETH,momentum,93,5,0.0000,0.0000,0.0000,0.0000,0.0000,0,0,0.0000
ETH,momentum,93,6,0.0000,0.0000,0.0000,0.0000,0.0000,0,0,0.0000
ETH,momentum,93,7,0.0000,0.0000,0.0000,0.0000,0.0000,0,0,0.0000
ETH,momentum,93,8,0.0000,0.0000,0.0000,0.0000,0.0000,0,0,0.0000
ETH,momentum,93,9,0.0000,0.0000,0.0000,0.0000,0.0000,0,0,0.0000
ETH,momentum,93,10,0.0000,0.0000,0.0000,0.0000,0.0000,0,0,0.0000
ETH,momentum,94,1,0.0000,0.0000,0.0000,0.0000,0.0000,0,0,0.0000
ETH,momentum,94,2,0.0000,0.0000,0.0000,0.0000,0.0000,0,0,0.0000
ETH,momentum,94,3,0.0000,0.0000,0.0000,0.0000,0.0000,0,0,0.0000
ETH,momentum,94,4,0.0000,0.0000,0.0000,0.0000,0.0000,0,0,0.0000
ETH,momentum,94,5,0.0000,0.0000,0.0000,0.0000,0.0000,0,0,0.0000
ETH,momentum,94,6,0.0000,0.0000,0.0000,0.0000,0.0000,0,0,0.0000
ETH,momentum,94,7,0.0000,0.0000,0.0000,0.0000,0.0000,0,0,0.0000
ETH,momentum,94,8,0.0000,0.0000,0.0000,0.0000,0.0000,0,0,0.0000
ETH,momentum,94,9,0.0000,0.0000,0.0000,0.0000,0.0000,0,0,0.0000
ETH,momentum,94,10,0.0000,0.0000,0.0000,0.0000,0.0000,0,0,0.0000
ETH,momentum,95,1,0.0000,0.0000,0.0000,0.0000,0.0000,0,0,0.0000
ETH,momentum,95,2,0.0000,0.0000,0.0000,0.0000,0.0000,0,0,0.0000
ETH,momentum,95,3,0.0000,0.0000,0.0000,0.0000,0.0000,0,0,0.0000
ETH,momentum,95,4,0.0000,0.0000,0.0000,0.0000,0.0000,0,0,0.0000
ETH,momentum,95,5,0.0000,0.0000,0.0000,0.0000,0.0000,0,0,0.0000
ETH,momentum,95,6,0.0000,0.0000,0.0000,0.0000,0.0000,0,0,0.0000
ETH,momentum,95,7,0.0000,0.0000,0.0000,0.0000,0.0000,0,0,0.0000
ETH,momentum,95,8,0.0000,0.0000,0.0000,0.0000,0.0000,0,0,0.0000
ETH,momentum,95,9,0.0000,0.0000,0.0000,0.0000,0.0000,0,0,0.0000
ETH,momentum,95,10,0.0000,0.0000,0.0000,0.0000,0.0000,0,0,0.0000
ETH,momentum,96,1,0.0000,0.0000,0.0000,0.0000,0.0000,0,0,0.0000
ETH,momentum,96,2,0.0000,0.0000,0.0000,0.0000,0.0000,0,0,0.0000
ETH,momentum,96,3,0.0000,0.0000,0.0000,0.0000,0.0000,0,0,0.0000
ETH,momentum,96,4,0.0000,0.0000,0.0000,0.0000,0.0000,0,0,0.0000
ETH,momentum,96,5,0.0000,0.0000,0.0000,0.0000,0.0000,0,0,0.0000
ETH,momentum,96,6,0.0000,0.0000,0.0000,0.0000,0.0000,0,0,0.0000
ETH,momentum,96,7,0.0000,0.0000,0.0000,0.0000,0.0000,0,0,0.0000
ETH,momentum,96,8,0.0000,0.0000,0.0000,0.0000,0.0000,0,0,0.0000
ETH,momentum,96,9,0.0000,0.0000,0.0000,0.0000,0.0000,0,0,0.0000
ETH,momentum,96,10,0.0000,0.0000,0.0000,0.0000,0.0000,0,0,0.0000
ETH,momentum,97,1,0.0000,0.0000,0.0000,0.0000,0.0000,0,0,0.0000
ETH,momentum,97,2,0.0000,0.0000,0.0000,0.0000,0.0000,0,0,0.0000
ETH,momentum,97,3,0.0000,0.0000,0.0000,0.0000,0.0000,0,0,0.0000
ETH,momentum,97,4,0.0000,0.0000,0.0000,0.0000,0.0000,0,0,0.0000
ETH,momentum,97,5,0.0000,0.0000,0.0000,0.0000,0.0000,0,0,0.0000
ETH,momentum,97,6,0.0000,0.0000,0.0000,0.0000,0.0000,0,0,0.0000
ETH,momentum,97,7,0.0000,0.0000,0.0000,0.0000,0.0000,0,0,0.0000
ETH,momentum,97,8,0.0000,0.0000,0.0000,0.0000,0.0000,0,0,0.0000
ETH,momentum,97,9,0.0000,0.0000,0.0000,0.0000,0.0000,0,0,0.0000
ETH,momentum,97,10,0.0000,0.0000,0.0000,0.0000,0.0000,0,0,0.0000
ETH,momentum,98,1,0.0000,0.0000,0.0000,0.0000,0.0000,0,0,0.0000
ETH,momentum,98,2,0.0000,0.0000,0.0000,0.0000,0.0000,0,0,0.0000
ETH,momentum,98,3,0.0000,0.0000,0.0000,0.0000,0.0000,0,0,0.0000
ETH,momentum,98,4,0.0000,0.0000,0.0000,0.0000,0.0000,0,0,0.0000
ETH,momentum,98,5,0.0000,0.0000,0.0000,0.0000,0.0000,0,0,0.0000
ETH,momentum,98,6,0.0000,0.0000,0.0000,0.0000,0.0000,0,0,0.0000
ETH,momentum,98,7,0.0000,0.0000,0.0000,0.0000,0.0000,0,0,0.0000
ETH,momentum,98,8,0.0000,0.0000,0.0000,0.0000,0.0000,0,0,0.0000
ETH,momentum,98,9,0.0000,0.0000,0.0000,0.0000,0.0000,0,0,0.0000
ETH,momentum,98,10,0.0000,0.0000,0.0000,0.0000,0.0000,0,0,0.0000
ETH,momentum,99,1,0.0000,0.0000,0.0000,0.0000,0.0000,0,0,0.0000
ETH,momentum,99,2,0.0000,0.0000,0.0000,0.0000,0.0000,0,0,0.0000
ETH,momentum,99,3,0.0000,0.0000,0.0000,0.0000,0.0000,0,0,0.0000
ETH,momentum,99,4,0.0000,0.0000,0.0000,0.0000,0.0000,0,0,0.0000
ETH,momentum,99,5,0.0000,0.0000,0.0000,0.0000,0.0000,0,0,0.0000
ETH,momentum,99,6,0.0000,0.0000,0.0000,0.0000,0.0000,0,0,0.0000
ETH,momentum,99,7,0.0000,0.0000,0.0000,0.0000,0.0000,0,0,0.0000
ETH,momentum,99,8,0.0000,0.0000,0.0000,0.0000,0.0000,0,0,0.0000
ETH,momentum,99,9,0.0000,0.0000,0.0000,0.0000,0.0000,0,0,0.0000
ETH,momentum,99,10,0.0000,0.0000,0.0000,0.0000,0.0000,0,0,0.0000
ETH,momentum,100,1,0.0000,0.0000,0.0000,0.0000,0.0000,0,0,0.0000
ETH,momentum,100,2,0.0000,0.0000,0.0000,0.0000,0.0000,0,0,0.0000
ETH,momentum,100,3,0.0000,0.0000,0.0000,0.0000,0.0000,0,0,0.0000
ETH,momentum,100,4,0.0000,0.0000,0.0000,0.0000,0.0000,0,0,0.0000
ETH,momentum,100,5,0.0000,0.0000,0.0000,0.0000,0.0000,0,0,0.0000
ETH,momentum,100,6,0.0000,0.0000,0.0000,0.0000,0.0000,0,0,0.0000
ETH,momentum,100,7,0.0000,0.0000,0.0000,0.0000,0.0000,0,0,0.0000
ETH,momentum,100,8,0.0000,0.0000,0.0000,0.0000,0.0000,0,0,0.0000
ETH,momentum,100,9,0.0000,0.0000,0.0000,0.0000,0.0000,0,0,0.0000
ETH,momentum,100,10,0.0000,0.0000,0.0000,0.0000,0.0000,0,0,0.0000
ETH,momentum,59,1,-0.9172,-0.0764,-1025.6187,0.9172,0.0000,4,0,0.0226
ETH,momentum,59,2,-1.6420,-0.1368,-919.7336,1.6420,0.0000,4,0,0.0226
ETH,momentum,59,3,-2.3642,-0.1970,-884.4386,2.3642,0.0000,4,0,0.0226
ETH,momentum,59,4,-3.0838,-0.2570,-866.7911,3.0838,0.0000,4,0,0.0226
ETH,momentum,58,1,-3.4807,-0.2901,-32.4500,9.8309,12.5000,8,0,1.5146
ETH,momentum,59,8,-3.8007,-0.3167,-856.2026,3.8007,0.0000,4,0,0.0226
ETH,momentum,59,6,-4.5150,-0.3763,-849.1436,4.5150,0.0000,4,0,0.0226
ETH,momentum,56,10,-4.8694,-0.4058,20.7240,79.1157,14.2857,14,0,7.8445
ETH,momentum,59,7,-5.2267,-0.4356,-844.1014,5.2267,0.0000,4,0,0.0226
ETH,momentum,48,5,-5.4147,-0.4512,24.9676,97.1826,21.6216,37,1,77.6195
ETH,momentum,59,5,-5.9358,-0.4947,-840.3198,5.9358,0.0000,4,0,0.0226
ETH,momentum,59,9,-6.6423,-0.5535,-837.3786,6.6423,0.0000,4,0,0.0226
ETH,momentum,58,2,-6.7487,-0.5624,-30.6410,18.2906,12.5000,8,0,1.5146
ETH,momentum,59,10,-7.3461,-0.6122,-835.0256,7.3461,0.0000,4,0,0.0226
ETH,momentum,58,5,-10.1774,-0.8481,-30.0379,25.8035,12.5000,8,0,1.5146
ETH,momentum,58,4,-13.7611,-1.1468,-29.7364,32.5482,12.5000,8,0,1.5146
ETH,momentum,48,4,-16.1004,-1.3417,24.9553,96.4894,21.6216,37,1,77.6195
ETH,momentum,58,3,-17.4943,-1.4579,-29.5555,38.6745,12.5000,8,0,1.5146
ETH,momentum,46,2,-18.9769,-1.5814,-24.3707,94.0427,10.0000,20,0,97.2985
ETH,momentum,58,6,-21.3712,-1.7809,-29.4349,44.2693,12.5000,8,0,1.5146
ETH,momentum,58,7,-25.3866,-2.1156,-29.3488,49.4160,12.5000,8,0,1.5146
ETH,momentum,58,8,-29.5350,-2.4612,-29.2842,54.1816,12.5000,8,0,1.5146
ETH,momentum,51,7,-31.1774,-2.5981,19.7381,89.4569,10.5263,38,0,52.7410
ETH,momentum,58,9,-33.8109,-2.8176,-29.2339,58.6202,12.5000,8,0,1.5146
ETH,momentum,47,3,-36.3948,-3.0329,-21.8267,96.4481,14.2857,14,0,88.3237
ETH,momentum,58,10,-38.2091,-3.1841,-29.1937,62.7761,12.5000,8,0,1.5146
ETH,momentum,1,3,-54.7808,-4.5651,0.0000,99.3956,33.3333,3,1,99.9887
ETH,momentum,2,3,-54.7808,-4.5651,0.0000,99.3956,33.3333,3,1,99.9887
ETH,momentum,3,3,-54.7808,-4.5651,0.0000,99.3956,33.3333,3,1,99.9887
ETH,momentum,4,3,-54.7808,-4.5651,0.0000,99.3956,33.3333,3,1,99.9887
ETH,momentum,5,3,-54.7808,-4.5651,0.0000,99.3956,33.3333,3,1,99.9887
ETH,momentum,6,3,-54.7808,-4.5651,0.0000,99.3956,33.3333,3,1,99.9887
ETH,momentum,7,1,-54.7808,-4.5651,0.0000,99.3956,33.3333,3,1,99.9887
ETH,momentum,8,3,-54.7808,-4.5651,0.0000,99.3956,33.3333,3,1,99.9887
ETH,momentum,9,3,-54.7808,-4.5651,0.0000,99.3956,33.3333,3,1,99.9887
ETH,momentum,10,3,-54.7808,-4.5651,0.0000,99.3956,33.3333,3,1,99.9887
ETH,momentum,11,3,-54.7808,-4.5651,0.0000,99.3956,33.3333,3,1,99.9887
ETH,momentum,12,3,-54.7808,-4.5651,0.0000,99.3956,33.3333,3,1,99.9887
ETH,momentum,13,3,-54.7808,-4.5651,0.0000,99.3956,33.3333,3,1,99.9887
ETH,momentum,14,3,-54.7808,-4.5651,0.0000,99.3956,33.3333,3,1,99.9887
ETH,momentum,15,3,-54.7808,-4.5651,0.0000,99.3956,33.3333,3,1,99.9887
ETH,momentum,16,3,-54.7808,-4.5651,0.0000,99.3956,33.3333,3,1,99.9887
ETH,momentum,17,3,-54.7808,-4.5651,0.0000,99.3956,33.3333,3,1,99.9887
ETH,momentum,18,3,-54.7808,-4.5651,0.0000,99.3956,33.3333,3,1,99.9887
ETH,momentum,19,1,-54.7808,-4.5651,0.0000,99.3956,33.3333,3,1,99.9887
ETH,momentum,20,3,-54.7808,-4.5651,0.0000,99.3956,33.3333,3,1,99.9887
ETH,momentum,21,3,-54.7808,-4.5651,0.0000,99.3956,33.3333,3,1,99.9887
ETH,momentum,22,3,-54.7808,-4.5651,0.0000,99.3956,33.3333,3,1,99.9887
ETH,momentum,23,3,-54.7808,-4.5651,0.0000,99.3956,33.3333,3,1,99.9887
ETH,momentum,24,3,-54.7808,-4.5651,0.0000,99.3956,33.3333,3,1,99.9887
ETH,momentum,26,3,-54.7808,-4.5651,0.0000,99.3956,33.3333,3,1,99.9887
ETH,momentum,27,3,-54.7808,-4.5651,0.0000,99.3956,33.3333,3,1,99.9887
ETH,momentum,28,3,-54.7808,-4.5651,0.0000,99.3956,33.3333,3,1,99.9887
ETH,momentum,29,2,-54.7808,-4.5651,0.0000,99.3956,33.3333,3,1,99.9887
ETH,momentum,30,4,-54.7808,-4.5651,0.0000,99.3956,33.3333,3,1,99.9887
ETH,momentum,31,3,-54.7808,-4.5651,0.0000,99.3956,33.3333,3,1,99.9887
ETH,momentum,32,6,-54.7808,-4.5651,0.0000,99.3956,33.3333,3,1,99.9887
ETH,momentum,33,3,-54.7808,-4.5651,0.0000,99.3956,33.3333,3,1,99.9887
ETH,momentum,34,3,-54.7808,-4.5651,0.0000,99.3956,33.3333,3,1,99.9887
ETH,momentum,35,3,-54.7808,-4.5651,0.0000,99.3956,33.3333,3,1,99.9887
ETH,momentum,36,4,-54.7808,-4.5651,0.0000,99.3956,33.3333,3,1,99.9887
ETH,momentum,37,3,-54.7808,-4.5651,0.0000,99.3956,33.3333,3,1,99.9887
ETH,momentum,38,3,-54.7808,-4.5651,0.0000,99.3956,33.3333,3,1,99.9887
ETH,momentum,39,2,-54.7808,-4.5651,0.0000,99.3956,33.3333,3,1,99.9887
ETH,momentum,40,3,-54.7808,-4.5651,0.0000,99.3956,33.3333,3,1,99.9887
ETH,momentum,41,3,-54.7808,-4.5651,0.0000,99.3956,33.3333,3,1,99.9887
ETH,momentum,42,3,-54.7808,-4.5651,0.0000,99.3956,33.3333,3,1,99.9887
ETH,momentum,43,3,-54.7808,-4.5651,0.0000,99.3956,33.3333,3,1,99.9887
ETH,momentum,44,3,-54.7808,-4.5651,0.0000,99.3956,33.3333,3,1,99.9887
ETH,momentum,1,2,-57.0212,-4.7518,0.0000,96.5090,33.3333,3,1,99.9887
ETH,momentum,2,2,-57.0212,-4.7518,0.0000,96.5090,33.3333,3,1,99.9887
ETH,momentum,3,2,-57.0212,-4.7518,0.0000,96.5090,33.3333,3,1,99.9887
ETH,momentum,4,1,-57.0212,-4.7518,0.0000,96.5090,33.3333,3,1,99.9887
ETH,momentum,5,2,-57.0212,-4.7518,0.0000,96.5090,33.3333,3,1,99.9887
ETH,momentum,6,2,-57.0212,-4.7518,0.0000,96.5090,33.3333,3,1,99.9887
ETH,momentum,7,2,-57.0212,-4.7518,0.0000,96.5090,33.3333,3,1,99.9887
ETH,momentum,8,2,-57.0212,-4.7518,0.0000,96.5090,33.3333,3,1,99.9887
ETH,momentum,9,2,-57.0212,-4.7518,0.0000,96.5090,33.3333,3,1,99.9887
ETH,momentum,10,2,-57.0212,-4.7518,0.0000,96.5090,33.3333,3,1,99.9887
ETH,momentum,11,2,-57.0212,-4.7518,0.0000,96.5090,33.3333,3,1,99.9887
ETH,momentum,12,2,-57.0212,-4.7518,0.0000,96.5090,33.3333,3,1,99.9887
ETH,momentum,13,2,-57.0212,-4.7518,0.0000,96.5090,33.3333,3,1,99.9887
ETH,momentum,14,2,-57.0212,-4.7518,0.0000,96.5090,33.3333,3,1,99.9887
ETH,momentum,15,2,-57.0212,-4.7518,0.0000,96.5090,33.3333,3,1,99.9887
ETH,momentum,16,2,-57.0212,-4.7518,0.0000,96.5090,33.3333,3,1,99.9887
ETH,momentum,17,1,-57.0212,-4.7518,0.0000,96.5090,33.3333,3,1,99.9887
ETH,momentum,18,2,-57.0212,-4.7518,0.0000,96.5090,33.3333,3,1,99.9887
ETH,momentum,19,2,-57.0212,-4.7518,0.0000,96.5090,33.3333,3,1,99.9887
ETH,momentum,20,2,-57.0212,-4.7518,0.0000,96.5090,33.3333,3,1,99.9887
ETH,momentum,21,1,-57.0212,-4.7518,0.0000,96.5090,33.3333,3,1,99.9887
ETH,momentum,22,2,-57.0212,-4.7518,0.0000,96.5090,33.3333,3,1,99.9887
ETH,momentum,23,2,-57.0212,-4.7518,0.0000,96.5090,33.3333,3,1,99.9887
ETH,momentum,24,2,-57.0212,-4.7518,0.0000,96.5090,33.3333,3,1,99.9887
ETH,momentum,25,2,-57.0212,-4.7518,0.0000,96.5090,33.3333,3,1,99.9887
ETH,momentum,26,2,-57.0212,-4.7518,0.0000,96.5090,33.3333,3,1,99.9887
ETH,momentum,27,2,-57.0212,-4.7518,0.0000,96.5090,33.3333,3,1,99.9887
ETH,momentum,28,2,-57.0212,-4.7518,0.0000,96.5090,33.3333,3,1,99.9887
ETH,momentum,29,3,-57.0212,-4.7518,0.0000,96.5090,33.3333,3,1,99.9887
ETH,momentum,30,2,-57.0212,-4.7518,0.0000,96.5090,33.3333,3,1,99.9887
ETH,momentum,31,2,-57.0212,-4.7518,0.0000,96.5090,33.3333,3,1,99.9887
ETH,momentum,33,2,-57.0212,-4.7518,0.0000,96.5090,33.3333,3,1,99.9887
ETH,momentum,34,2,-57.0212,-4.7518,0.0000,96.5090,33.3333,3,1,99.9887
ETH,momentum,35,2,-57.0212,-4.7518,0.0000,96.5090,33.3333,3,1,99.9887
ETH,momentum,36,2,-57.0212,-4.7518,0.0000,96.5090,33.3333,3,1,99.9887
ETH,momentum,37,2,-57.0212,-4.7518,0.0000,96.5090,33.3333,3,1,99.9887
ETH,momentum,38,2,-57.0212,-4.7518,0.0000,96.5090,33.3333,3,1,99.9887
ETH,momentum,39,3,-57.0212,-4.7518,0.0000,96.5090,33.3333,3,1,99.9887
ETH,momentum,40,2,-57.0212,-4.7518,0.0000,96.5090,33.3333,3,1,99.9887
ETH,momentum,41,2,-57.0212,-4.7518,0.0000,96.5090,33.3333,3,1,99.9887
ETH,momentum,42,2,-57.0212,-4.7518,0.0000,96.5090,33.3333,3,1,99.9887
ETH,momentum,43,1,-57.0212,-4.7518,0.0000,96.5090,33.3333,3,1,99.9887
ETH,momentum,44,2,-57.0212,-4.7518,0.0000,96.5090,33.3333,3,1,99.9887
ETH,momentum,45,3,-60.1909,-5.0159,0.0000,99.0167,20.0000,5,1,99.7852
ETH,momentum,45,2,-60.9196,-5.0766,0.0000,96.4377,20.0000,5,1,99.7852
ETH,momentum,51,8,-61.0038,-5.0836,19.7486,93.9657,10.5263,38,0,52.7410
ETH,momentum,48,6,-71.7560,-5.9797,22.7600,99.3616,18.9189,37,1,77.6195
ETH,momentum,46,3,-75.4364,-6.2864,-7.6461,99.4555,9.5238,21,1,97.2985
ETH,momentum,51,10,-82.1715,-6.8476,19.7567,97.1217,10.5263,38,0,52.7410
ETH,momentum,47,4,-88.0798,-7.3400,30.1578,99.5841,18.7500,16,2,88.3237
ETH,momentum,47,5,-89.2988,-7.4416,21.5007,99.7494,12.5000,16,2,88.3237
ETH,momentum,51,9,-95.8722,-7.9893,23.0879,99.3055,12.8205,39,1,52.7410
ETH,momentum,1,4,-99.0317,-8.2526,0.0000,99.7084,0.0000,2,2,55.2391
ETH,momentum,1,5,-99.0317,-8.2526,0.0000,99.7517,0.0000,2,2,47.9485
ETH,momentum,1,6,-99.0317,-8.2526,0.0000,99.7839,0.0000,2,2,47.8580
ETH,momentum,1,7,-99.0317,-8.2526,0.0000,99.8086,0.0000,2,2,46.0608
ETH,momentum,1,8,-99.0317,-8.2526,0.0000,99.8283,0.0000,2,2,45.0548
ETH,momentum,1,9,-99.0317,-8.2526,0.0000,99.8443,0.0000,2,2,45.0096
ETH,momentum,1,10,-99.0317,-8.2526,0.0000,99.8576,0.0000,2,2,44.9305
ETH,momentum,2,4,-99.0317,-8.2526,0.0000,99.7517,0.0000,2,2,47.9485
ETH,momentum,2,5,-99.0317,-8.2526,0.0000,99.7084,0.0000,2,2,55.2391
ETH,momentum,2,6,-99.0317,-8.2526,0.0000,99.7839,0.0000,2,2,47.8580
ETH,momentum,2,7,-99.0317,-8.2526,0.0000,99.8086,0.0000,2,2,46.0608
ETH,momentum,2,8,-99.0317,-8.2526,0.0000,99.8283,0.0000,2,2,45.0548
ETH,momentum,2,9,-99.0317,-8.2526,0.0000,99.8443,0.0000,2,2,45.0096
ETH,momentum,2,10,-99.0317,-8.2526,0.0000,99.8576,0.0000,2,2,44.9305
ETH,momentum,3,4,-99.0317,-8.2526,0.0000,99.7084,0.0000,2,2,55.2391
ETH,momentum,3,5,-99.0317,-8.2526,0.0000,99.7517,0.0000,2,2,47.9485
ETH,momentum,3,6,-99.0317,-8.2526,0.0000,99.7839,0.0000,2,2,47.8580
ETH,momentum,3,7,-99.0317,-8.2526,0.0000,99.8086,0.0000,2,2,46.0608
ETH,momentum,3,8,-99.0317,-8.2526,0.0000,99.8283,0.0000,2,2,45.0548
ETH,momentum,3,9,-99.0317,-8.2526,0.0000,99.8443,0.0000,2,2,45.0096
ETH,momentum,3,10,-99.0317,-8.2526,0.0000,99.8576,0.0000,2,2,44.9305
ETH,momentum,4,4,-99.0317,-8.2526,0.0000,99.7517,0.0000,2,2,47.9485
ETH,momentum,4,5,-99.0317,-8.2526,0.0000,99.7084,0.0000,2,2,55.2391
ETH,momentum,4,6,-99.0317,-8.2526,0.0000,99.7839,0.0000,2,2,47.8580
ETH,momentum,4,7,-99.0317,-8.2526,0.0000,99.8283,0.0000,2,2,45.0548
ETH,momentum,4,8,-99.0317,-8.2526,0.0000,99.8086,0.0000,2,2,46.0608
ETH,momentum,4,9,-99.0317,-8.2526,0.0000,99.8443,0.0000,2,2,45.0096
ETH,momentum,4,10,-99.0317,-8.2526,0.0000,99.8576,0.0000,2,2,44.9305
ETH,momentum,5,1,-99.0317,-8.2526,0.0000,99.7084,0.0000,2,2,55.2391
ETH,momentum,5,5,-99.0317,-8.2526,0.0000,99.7517,0.0000,2,2,47.9485
ETH,momentum,5,6,-99.0317,-8.2526,0.0000,99.7839,0.0000,2,2,47.8580
ETH,momentum,5,7,-99.0317,-8.2526,0.0000,99.8283,0.0000,2,2,45.0548
ETH,momentum,5,8,-99.0317,-8.2526,0.0000,99.8283,0.0000,2,2,45.0548
ETH,momentum,5,9,-99.0317,-8.2526,0.0000,99.8443,0.0000,2,2,45.0096
ETH,momentum,5,10,-99.0317,-8.2526,0.0000,99.8576,0.0000,2,2,44.9305
ETH,momentum,6,4,-99.0317,-8.2526,0.0000,99.7084,0.0000,2,2,55.2391
ETH,momentum,6,5,-99.0317,-8.2526,0.0000,99.7517,0.0000,2,2,47.9485
ETH,momentum,6,6,-99.0317,-8.2526,0.0000,99.7839,0.0000,2,2,47.8580
ETH,momentum,6,7,-99.0317,-8.2526,0.0000,99.8086,0.0000,2,2,46.0608
ETH,momentum,6,8,-99.0317,-8.2526,0.0000,99.8283,0.0000,2,2,45.0548
ETH,momentum,6,9,-99.0317,-8.2526,0.0000,99.8443,0.0000,2,2,45.0096
ETH,momentum,6,10,-99.0317,-8.2526,0.0000,99.8576,0.0000,2,2,44.9305
ETH,momentum,7,4,-99.0317,-8.2526,0.0000,99.7084,0.0000,2,2,55.2391
ETH,momentum,7,5,-99.0317,-8.2526,0.0000,99.7517,0.0000,2,2,47.9485
ETH,momentum,7,6,-99.0317,-8.2526,0.0000,99.7839,0.0000,2,2,47.8580
ETH,momentum,7,7,-99.0317,-8.2526,0.0000,99.8086,0.0000,2,2,46.0608
ETH,momentum,7,8,-99.0317,-8.2526,0.0000,99.8283,0.0000,2,2,45.0548
ETH,momentum,7,9,-99.0317,-8.2526,0.0000,99.8443,0.0000,2,2,45.0096
ETH,momentum,7,10,-99.0317,-8.2526,0.0000,99.8576,0.0000,2,2,44.9305
ETH,momentum,8,4,-99.0317,-8.2526,0.0000,99.7084,0.0000,2,2,55.2391
ETH,momentum,8,5,-99.0317,-8.2526,0.0000,99.7517,0.0000,2,2,47.9485
ETH,momentum,8,6,-99.0317,-8.2526,0.0000,99.7839,0.0000,2,2,47.8580
ETH,momentum,8,7,-99.0317,-8.2526,0.0000,99.8086,0.0000,2,2,46.0608
ETH,momentum,8,8,-99.0317,-8.2526,0.0000,99.8283,0.0000,2,2,45.0548
ETH,momentum,8,9,-99.0317,-8.2526,0.0000,99.8443,0.0000,2,2,45.0096
ETH,momentum,8,10,-99.0317,-8.2526,0.0000,99.8576,0.0000,2,2,44.9305
ETH,momentum,9,4,-99.0317,-8.2526,0.0000,99.7084,0.0000,2,2,55.2391
ETH,momentum,9,5,-99.0317,-8.2526,0.0000,99.7517,0.0000,2,2,47.9485
ETH,momentum,9,6,-99.0317,-8.2526,0.0000,99.7839,0.0000,2,2,47.8580
ETH,momentum,9,7,-99.0317,-8.2526,0.0000,99.8086,0.0000,2,2,46.0608
ETH,momentum,9,8,-99.0317,-8.2526,0.0000,99.8283,0.0000,2,2,45.0548
ETH,momentum,9,9,-99.0317,-8.2526,0.0000,99.8443,0.0000,2,2,45.0096
ETH,momentum,9,10,-99.0317,-8.2526,0.0000,99.8576,0.0000,2,2,44.9305
ETH,momentum,10,4,-99.0317,-8.2526,0.0000,99.7084,0.0000,2,2,55.2391
ETH,momentum,10,5,-99.0317,-8.2526,0.0000,99.7517,0.0000,2,2,47.9485
ETH,momentum,10,6,-99.0317,-8.2526,0.0000,99.7839,0.0000,2,2,47.8580
ETH,momentum,10,7,-99.0317,-8.2526,0.0000,99.8086,0.0000,2,2,46.0608
ETH,momentum,10,8,-99.0317,-8.2526,0.0000,99.8283,0.0000,2,2,45.0548
ETH,momentum,10,9,-99.0317,-8.2526,0.0000,99.8443,0.0000,2,2,45.0096
ETH,momentum,10,10,-99.0317,-8.2526,0.0000,99.8576,0.0000,2,2,44.9305
ETH,momentum,11,4,-99.0317,-8.2526,0.0000,99.7084,0.0000,2,2,55.2391
ETH,momentum,11,5,-99.0317,-8.2526,0.0000,99.7517,0.0000,2,2,47.9485
ETH,momentum,11,6,-99.0317,-8.2526,0.0000,99.7517,0.0000,2,2,47.9485
ETH,momentum,11,7,-99.0317,-8.2526,0.0000,99.8283,0.0000,2,2,45.0548
ETH,momentum,11,8,-99.0317,-8.2526,0.0000,99.8086,0.0000,2,2,46.0608
ETH,momentum,11,9,-99.0317,-8.2526,0.0000,99.8443,0.0000,2,2,45.0096
ETH,momentum,11,10,-99.0317,-8.2526,0.0000,99.8576,0.0000,2,2,44.9305
ETH,momentum,12,4,-99.0317,-8.2526,0.0000,99.7084,0.0000,2,2,55.2391
ETH,momentum,12,5,-99.0317,-8.2526,0.0000,99.7517,0.0000,2,2,47.9485
ETH,momentum,12,6,-99.0317,-8.2526,0.0000,99.7839,0.0000,2,2,47.8580
ETH,momentum,12,7,-99.0317,-8.2526,0.0000,99.8086,0.0000,2,2,46.0608
ETH,momentum,12,8,-99.0317,-8.2526,0.0000,99.8283,0.0000,2,2,45.0548
ETH,momentum,12,9,-99.0317,-8.2526,0.0000,99.8443,0.0000,2,2,45.0096
ETH,momentum,12,10,-99.0317,-8.2526,0.0000,99.8576,0.0000,2,2,44.9305
ETH,momentum,13,4,-99.0317,-8.2526,0.0000,99.7084,0.0000,2,2,55.2391
ETH,momentum,13,5,-99.0317,-8.2526,0.0000,99.7517,0.0000,2,2,47.9485
ETH,momentum,13,6,-99.0317,-8.2526,0.0000,99.8086,0.0000,2,2,46.0608
ETH,momentum,13,7,-99.0317,-8.2526,0.0000,99.7839,0.0000,2,2,47.8580
ETH,momentum,13,8,-99.0317,-8.2526,0.0000,99.8283,0.0000,2,2,45.0548
ETH,momentum,13,9,-99.0317,-8.2526,0.0000,99.8443,0.0000,2,2,45.0096
ETH,momentum,13,10,-99.0317,-8.2526,0.0000,99.8576,0.0000,2,2,44.9305
ETH,momentum,14,4,-99.0317,-8.2526,0.0000,99.7084,0.0000,2,2,55.2391
ETH,momentum,14,5,-99.0317,-8.2526,0.0000,99.7517,0.0000,2,2,47.9485
ETH,momentum,14,6,-99.0317,-8.2526,0.0000,99.7839,0.0000,2,2,47.8580
ETH,momentum,14,7,-99.0317,-8.2526,0.0000,99.8086,0.0000,2,2,46.0608
ETH,momentum,14,8,-99.0317,-8.2526,0.0000,99.8443,0.0000,2,2,45.0096
ETH,momentum,14,9,-99.0317,-8.2526,0.0000,99.8443,0.0000,2,2,45.0096
ETH,momentum,14,10,-99.0317,-8.2526,0.0000,99.8576,0.0000,2,2,44.9305
ETH,momentum,15,4,-99.0317,-8.2526,0.0000,99.7084,0.0000,2,2,55.2391
ETH,momentum,15,5,-99.0317,-8.2526,0.0000,99.7517,0.0000,2,2,47.9485
ETH,momentum,15,6,-99.0317,-8.2526,0.0000,99.7839,0.0000,2,2,47.8580
ETH,momentum,15,7,-99.0317,-8.2526,0.0000,99.8086,0.0000,2,2,46.0608
ETH,momentum,15,8,-99.0317,-8.2526,0.0000,99.8283,0.0000,2,2,45.0548
ETH,momentum,15,9,-99.0317,-8.2526,0.0000,99.8443,0.0000,2,2,45.0096
ETH,momentum,15,10,-99.0317,-8.2526,0.0000,99.8576,0.0000,2,2,44.9305
ETH,momentum,16,4,-99.0317,-8.2526,0.0000,99.7084,0.0000,2,2,55.2391
ETH,momentum,16,5,-99.0317,-8.2526,0.0000,99.7517,0.0000,2,2,47.9485
ETH,momentum,16,6,-99.0317,-8.2526,0.0000,99.7839,0.0000,2,2,47.8580
ETH,momentum,16,7,-99.0317,-8.2526,0.0000,99.8086,0.0000,2,2,46.0608
ETH,momentum,16,8,-99.0317,-8.2526,0.0000,99.8443,0.0000,2,2,45.0096
ETH,momentum,16,9,-99.0317,-8.2526,0.0000,99.8283,0.0000,2,2,45.0548
ETH,momentum,16,10,-99.0317,-8.2526,0.0000,99.8576,0.0000,2,2,44.9305
ETH,momentum,17,4,-99.0317,-8.2526,0.0000,99.7084,0.0000,2,2,55.2391
ETH,momentum,17,5,-99.0317,-8.2526,0.0000,99.7517,0.0000,2,2,47.9485
ETH,momentum,17,6,-99.0317,-8.2526,0.0000,99.7839,0.0000,2,2,47.8580
ETH,momentum,17,7,-99.0317,-8.2526,0.0000,99.8086,0.0000,2,2,46.0608
ETH,momentum,17,8,-99.0317,-8.2526,0.0000,99.8283,0.0000,2,2,45.0548
ETH,momentum,17,9,-99.0317,-8.2526,0.0000,99.8443,0.0000,2,2,45.0096
ETH,momentum,17,10,-99.0317,-8.2526,0.0000,99.8576,0.0000,2,2,44.9305
ETH,momentum,18,4,-99.0317,-8.2526,0.0000,99.7084,0.0000,2,2,55.2391
ETH,momentum,18,5,-99.0317,-8.2526,0.0000,99.7517,0.0000,2,2,47.9485
ETH,momentum,18,6,-99.0317,-8.2526,0.0000,99.7839,0.0000,2,2,47.8580
ETH,momentum,18,7,-99.0317,-8.2526,0.0000,99.8086,0.0000,2,2,46.0608
ETH,momentum,18,8,-99.0317,-8.2526,0.0000,99.8283,0.0000,2,2,45.0548
ETH,momentum,18,9,-99.0317,-8.2526,0.0000,99.8443,0.0000,2,2,45.0096
ETH,momentum,18,10,-99.0317,-8.2526,0.0000,99.8576,0.0000,2,2,44.9305
ETH,momentum,19,4,-99.0317,-8.2526,0.0000,99.7084,0.0000,2,2,55.2391
ETH,momentum,19,5,-99.0317,-8.2526,0.0000,99.7517,0.0000,2,2,47.9485
ETH,momentum,19,6,-99.0317,-8.2526,0.0000,99.7839,0.0000,2,2,47.8580
ETH,momentum,19,7,-99.0317,-8.2526,0.0000,99.7839,0.0000,2,2,47.8580
ETH,momentum,19,8,-99.0317,-8.2526,0.0000,99.8283,0.0000,2,2,45.0548
ETH,momentum,19,9,-99.0317,-8.2526,0.0000,99.8443,0.0000,2,2,45.0096
ETH,momentum,19,10,-99.0317,-8.2526,0.0000,99.8576,0.0000,2,2,44.9305
ETH,momentum,20,1,-99.0317,-8.2526,0.0000,99.8576,0.0000,2,2,44.9305
ETH,momentum,20,4,-99.0317,-8.2526,0.0000,99.7517,0.0000,2,2,47.9485
ETH,momentum,20,5,-99.0317,-8.2526,0.0000,99.7084,0.0000,2,2,55.2391
ETH,momentum,20,6,-99.0317,-8.2526,0.0000,99.7839,0.0000,2,2,47.8580
ETH,momentum,20,7,-99.0317,-8.2526,0.0000,99.8086,0.0000,2,2,46.0608
ETH,momentum,20,8,-99.0317,-8.2526,0.0000,99.8283,0.0000,2,2,45.0548
ETH,momentum,20,10,-99.0317,-8.2526,0.0000,99.8576,0.0000,2,2,44.9305
ETH,momentum,21,4,-99.0317,-8.2526,0.0000,99.7084,0.0000,2,2,55.2391
ETH,momentum,21,5,-99.0317,-8.2526,0.0000,99.7517,0.0000,2,2,47.9485
ETH,momentum,21,6,-99.0317,-8.2526,0.0000,99.8086,0.0000,2,2,46.0608
ETH,momentum,21,7,-99.0317,-8.2526,0.0000,99.7839,0.0000,2,2,47.8580
ETH,momentum,21,8,-99.0317,-8.2526,0.0000,99.8283,0.0000,2,2,45.0548
ETH,momentum,21,9,-99.0317,-8.2526,0.0000,99.8443,0.0000,2,2,45.0096
ETH,momentum,21,10,-99.0317,-8.2526,0.0000,99.8576,0.0000,2,2,44.9305
ETH,momentum,22,4,-99.0317,-8.2526,0.0000,99.7084,0.0000,2,2,55.2391
ETH,momentum,22,5,-99.0317,-8.2526,0.0000,99.7517,0.0000,2,2,47.9485
ETH,momentum,22,6,-99.0317,-8.2526,0.0000,99.7839,0.0000,2,2,47.8580
ETH,momentum,22,7,-99.0317,-8.2526,0.0000,99.8576,0.0000,2,2,44.9305
ETH,momentum,22,8,-99.0317,-8.2526,0.0000,99.8086,0.0000,2,2,46.0608
ETH,momentum,22,9,-99.0317,-8.2526,0.0000,99.8443,0.0000,2,2,45.0096
ETH,momentum,22,10,-99.0317,-8.2526,0.0000,99.8443,0.0000,2,2,45.0096
ETH,momentum,23,4,-99.0317,-8.2526,0.0000,99.7084,0.0000,2,2,55.2391
ETH,momentum,23,5,-99.0317,-8.2526,0.0000,99.7517,0.0000,2,2,47.9485
ETH,momentum,23,6,-99.0317,-8.2526,0.0000,99.7839,0.0000,2,2,47.8580
ETH,momentum,23,7,-99.0317,-8.2526,0.0000,99.8086,0.0000,2,2,46.0608
ETH,momentum,23,8,-99.0317,-8.2526,0.0000,99.8283,0.0000,2,2,45.0548
ETH,momentum,23,9,-99.0317,-8.2526,0.0000,99.8443,0.0000,2,2,45.0096
ETH,momentum,23,10,-99.0317,-8.2526,0.0000,99.8576,0.0000,2,2,44.9305
ETH,momentum,24,4,-99.0317,-8.2526,0.0000,99.7084,0.0000,2,2,55.2391
ETH,momentum,24,5,-99.0317,-8.2526,0.0000,99.7517,0.0000,2,2,47.9485
ETH,momentum,24,6,-99.0317,-8.2526,0.0000,99.7839,0.0000,2,2,47.8580
ETH,momentum,24,7,-99.0317,-8.2526,0.0000,99.8086,0.0000,2,2,46.0608
ETH,momentum,24,8,-99.0317,-8.2526,0.0000,99.8283,0.0000,2,2,45.0548
ETH,momentum,24,9,-99.0317,-8.2526,0.0000,99.8443,0.0000,2,2,45.0096
ETH,momentum,24,10,-99.0317,-8.2526,0.0000,99.8576,0.0000,2,2,44.9305
ETH,momentum,25,3,-99.0317,-8.2526,0.0000,99.7084,0.0000,2,2,55.2391
ETH,momentum,25,4,-99.0317,-8.2526,0.0000,99.8283,0.0000,2,2,45.0548
ETH,momentum,25,5,-99.0317,-8.2526,0.0000,99.7517,0.0000,2,2,47.9485
ETH,momentum,25,6,-99.0317,-8.2526,0.0000,99.8086,0.0000,2,2,46.0608
ETH,momentum,25,7,-99.0317,-8.2526,0.0000,99.7839,0.0000,2,2,47.8580
ETH,momentum,25,8,-99.0317,-8.2526,0.0000,99.8283,0.0000,2,2,45.0548
ETH,momentum,25,9,-99.0317,-8.2526,0.0000,99.8443,0.0000,2,2,45.0096
ETH,momentum,25,10,-99.0317,-8.2526,0.0000,99.8576,0.0000,2,2,44.9305
ETH,momentum,26,4,-99.0317,-8.2526,0.0000,99.7517,0.0000,2,2,47.9485
ETH,momentum,26,5,-99.0317,-8.2526,0.0000,99.7084,0.0000,2,2,55.2391
ETH,momentum,26,6,-99.0317,-8.2526,0.0000,99.7839,0.0000,2,2,47.8580
ETH,momentum,26,7,-99.0317,-8.2526,0.0000,99.8086,0.0000,2,2,46.0608
ETH,momentum,26,8,-99.0317,-8.2526,0.0000,99.8283,0.0000,2,2,45.0548
ETH,momentum,26,9,-99.0317,-8.2526,0.0000,99.8443,0.0000,2,2,45.0096
ETH,momentum,26,10,-99.0317,-8.2526,0.0000,99.8576,0.0000,2,2,44.9305
ETH,momentum,27,4,-99.0317,-8.2526,0.0000,99.7084,0.0000,2,2,55.2391
ETH,momentum,27,5,-99.0317,-8.2526,0.0000,99.7517,0.0000,2,2,47.9485
ETH,momentum,27,6,-99.0317,-8.2526,0.0000,99.7839,0.0000,2,2,47.8580
ETH,momentum,27,7,-99.0317,-8.2526,0.0000,99.8086,0.0000,2,2,46.0608
ETH,momentum,27,8,-99.0317,-8.2526,0.0000,99.8283,0.0000,2,2,45.0548
ETH,momentum,27,9,-99.0317,-8.2526,0.0000,99.8443,0.0000,2,2,45.0096
ETH,momentum,27,10,-99.0317,-8.2526,0.0000,99.8576,0.0000,2,2,44.9305
ETH,momentum,28,4,-99.0317,-8.2526,0.0000,99.7084,0.0000,2,2,55.2391
ETH,momentum,28,5,-99.0317,-8.2526,0.0000,99.7517,0.0000,2,2,47.9485
ETH,momentum,28,6,-99.0317,-8.2526,0.0000,99.7839,0.0000,2,2,47.8580
ETH,momentum,28,7,-99.0317,-8.2526,0.0000,99.8443,0.0000,2,2,45.0096
ETH,momentum,28,8,-99.0317,-8.2526,0.0000,99.8283,0.0000,2,2,45.0548
ETH,momentum,28,9,-99.0317,-8.2526,0.0000,99.8086,0.0000,2,2,46.0608
ETH,momentum,28,10,-99.0317,-8.2526,0.0000,99.8576,0.0000,2,2,44.9305
ETH,momentum,29,4,-99.0317,-8.2526,0.0000,99.7084,0.0000,2,2,55.2391
ETH,momentum,29,5,-99.0317,-8.2526,0.0000,99.8086,0.0000,2,2,46.0608
ETH,momentum,29,6,-99.0317,-8.2526,0.0000,99.7839,0.0000,2,2,47.8580
ETH,momentum,29,7,-99.0317,-8.2526,0.0000,99.7517,0.0000,2,2,47.9485
ETH,momentum,29,8,-99.0317,-8.2526,0.0000,99.8283,0.0000,2,2,45.0548
ETH,momentum,29,9,-99.0317,-8.2526,0.0000,99.8443,0.0000,2,2,45.0096
ETH,momentum,29,10,-99.0317,-8.2526,0.0000,99.8576,0.0000,2,2,44.9305
ETH,momentum,30,1,-99.0317,-8.2526,0.0000,99.8576,0.0000,2,2,44.9305
ETH,momentum,30,3,-99.0317,-8.2526,0.0000,99.7084,0.0000,2,2,55.2391
ETH,momentum,30,5,-99.0317,-8.2526,0.0000,99.7517,0.0000,2,2,47.9485
ETH,momentum,30,6,-99.0317,-8.2526,0.0000,99.7839,0.0000,2,2,47.8580
ETH,momentum,30,7,-99.0317,-8.2526,0.0000,99.8283,0.0000,2,2,45.0548
ETH,momentum,30,8,-99.0317,-8.2526,0.0000,99.8576,0.0000,2,2,44.9305
ETH,momentum,30,9,-99.0317,-8.2526,0.0000,99.8443,0.0000,2,2,45.0096
ETH,momentum,30,10,-99.0317,-8.2526,0.0000,99.8086,0.0000,2,2,46.0608
ETH,momentum,31,4,-99.0317,-8.2526,0.0000,99.7084,0.0000,2,2,55.2391
ETH,momentum,31,5,-99.0317,-8.2526,0.0000,99.7517,0.0000,2,2,47.9485
ETH,momentum,31,6,-99.0317,-8.2526,0.0000,99.7839,0.0000,2,2,47.8580
ETH,momentum,31,7,-99.0317,-8.2526,0.0000,99.8086,0.0000,2,2,46.0608
ETH,momentum,31,8,-99.0317,-8.2526,0.0000,99.8283,0.0000,2,2,45.0548
ETH,momentum,31,9,-99.0317,-8.2526,0.0000,99.8443,0.0000,2,2,45.0096
ETH,momentum,31,10,-99.0317,-8.2526,0.0000,99.8576,0.0000,2,2,44.9305
ETH,momentum,32,2,-99.0317,-8.2526,0.0000,99.8443,0.0000,2,2,45.0096
ETH,momentum,32,4,-99.0317,-8.2526,0.0000,99.7084,0.0000,2,2,55.2391
ETH,momentum,32,5,-99.0317,-8.2526,0.0000,99.7517,0.0000,2,2,47.9485
ETH,momentum,32,7,-99.0317,-8.2526,0.0000,99.8576,0.0000,2,2,44.9305
ETH,momentum,32,8,-99.0317,-8.2526,0.0000,99.8283,0.0000,2,2,45.0548
ETH,momentum,32,9,-99.0317,-8.2526,0.0000,99.8443,0.0000,2,2,45.0096
ETH,momentum,32,10,-99.0317,-8.2526,0.0000,99.8086,0.0000,2,2,46.0608
ETH,momentum,33,4,-99.0317,-8.2526,0.0000,99.7084,0.0000,2,2,55.2391
ETH,momentum,33,5,-99.0317,-8.2526,0.0000,99.7517,0.0000,2,2,47.9485
ETH,momentum,33,6,-99.0317,-8.2526,0.0000,99.7839,0.0000,2,2,47.8580
ETH,momentum,33,7,-99.0317,-8.2526,0.0000,99.8086,0.0000,2,2,46.0608
ETH,momentum,33,8,-99.0317,-8.2526,0.0000,99.8283,0.0000,2,2,45.0548
ETH,momentum,33,9,-99.0317,-8.2526,0.0000,99.8576,0.0000,2,2,44.9305
ETH,momentum,34,4,-99.0317,-8.2526,0.0000,99.7084,0.0000,2,2,55.2391
ETH,momentum,34,5,-99.0317,-8.2526,0.0000,99.7517,0.0000,2,2,47.9485
ETH,momentum,34,6,-99.0317,-8.2526,0.0000,99.7839,0.0000,2,2,47.8580
ETH,momentum,34,7,-99.0317,-8.2526,0.0000,99.8086,0.0000,2,2,46.0608
ETH,momentum,34,8,-99.0317,-8.2526,0.0000,99.8576,0.0000,2,2,44.9305
ETH,momentum,34,9,-99.0317,-8.2526,0.0000,99.8443,0.0000,2,2,45.0096
ETH,momentum,34,10,-99.0317,-8.2526,0.0000,99.8283,0.0000,2,2,45.0548
ETH,momentum,35,4,-99.0317,-8.2526,0.0000,99.7084,0.0000,2,2,55.2391
ETH,momentum,35,5,-99.0317,-8.2526,0.0000,99.7517,0.0000,2,2,47.9485
ETH,momentum,35,6,-99.0317,-8.2526,0.0000,99.7839,0.0000,2,2,47.8580
ETH,momentum,35,7,-99.0317,-8.2526,0.0000,99.8086,0.0000,2,2,46.0608
ETH,momentum,35,8,-99.0317,-8.2526,0.0000,99.8283,0.0000,2,2,45.0548
ETH,momentum,35,9,-99.0317,-8.2526,0.0000,99.8443,0.0000,2,2,45.0096
ETH,momentum,35,10,-99.0317,-8.2526,0.0000,99.8576,0.0000,2,2,44.9305
ETH,momentum,36,3,-99.0317,-8.2526,0.0000,99.7084,0.0000,2,2,55.2391
ETH,momentum,36,5,-99.0317,-8.2526,0.0000,99.7517,0.0000,2,2,47.9485
ETH,momentum,36,6,-99.0317,-8.2526,0.0000,99.7839,0.0000,2,2,47.8580
ETH,momentum,36,7,-99.0317,-8.2526,0.0000,99.8086,0.0000,2,2,46.0608
ETH,momentum,36,8,-99.0317,-8.2526,0.0000,99.8283,0.0000,2,2,45.0548
ETH,momentum,36,9,-99.0317,-8.2526,0.0000,99.8443,0.0000,2,2,45.0096
ETH,momentum,36,10,-99.0317,-8.2526,0.0000,99.8576,0.0000,2,2,44.9305
ETH,momentum,37,4,-99.0317,-8.2526,0.0000,99.7084,0.0000,2,2,55.2391
ETH,momentum,37,5,-99.0317,-8.2526,0.0000,99.7517,0.0000,2,2,47.9485
ETH,momentum,37,6,-99.0317,-8.2526,0.0000,99.7839,0.0000,2,2,47.8580
ETH,momentum,37,7,-99.0317,-8.2526,0.0000,99.8086,0.0000,2,2,46.0608
ETH,momentum,37,8,-99.0317,-8.2526,0.0000,99.8283,0.0000,2,2,45.0548
ETH,momentum,37,9,-99.0317,-8.2526,0.0000,99.8443,0.0000,2,2,45.0096
ETH,momentum,37,10,-99.0317,-8.2526,0.0000,99.8576,0.0000,2,2,44.9305
ETH,momentum,38,4,-99.0317,-8.2526,0.0000,99.7517,0.0000,2,2,47.9485
ETH,momentum,38,5,-99.0317,-8.2526,0.0000,99.7084,0.0000,2,2,55.2391
ETH,momentum,38,6,-99.0317,-8.2526,0.0000,99.7839,0.0000,2,2,47.8580
ETH,momentum,38,7,-99.0317,-8.2526,0.0000,99.8086,0.0000,2,2,46.0608
ETH,momentum,38,8,-99.0317,-8.2526,0.0000,99.8283,0.0000,2,2,45.0548
ETH,momentum,38,9,-99.0317,-8.2526,0.0000,99.8443,0.0000,2,2,45.0096
ETH,momentum,38,10,-99.0317,-8.2526,0.0000,99.8576,0.0000,2,2,44.9305
ETH,momentum,39,4,-99.0317,-8.2526,0.0000,99.7084,0.0000,2,2,55.2391
ETH,momentum,39,5,-99.0317,-8.2526,0.0000,99.7517,0.0000,2,2,47.9485
ETH,momentum,39,6,-99.0317,-8.2526,0.0000,99.7839,0.0000,2,2,47.8580
ETH,momentum,39,7,-99.0317,-8.2526,0.0000,99.8086,0.0000,2,2,46.0608
ETH,momentum,39,8,-99.0317,-8.2526,0.0000,99.8283,0.0000,2,2,45.0548
ETH,momentum,39,9,-99.0317,-8.2526,0.0000,99.8443,0.0000,2,2,45.0096
ETH,momentum,39,10,-99.0317,-8.2526,0.0000,99.8576,0.0000,2,2,44.9305
ETH,momentum,40,4,-99.0317,-8.2526,0.0000,99.7084,0.0000,2,2,55.2391
ETH,momentum,40,5,-99.0317,-8.2526,0.0000,99.7517,0.0000,2,2,47.9485
ETH,momentum,40,6,-99.0317,-8.2526,0.0000,99.7839,0.0000,2,2,47.8580
ETH,momentum,40,7,-99.0317,-8.2526,0.0000,99.8086,0.0000,2,2,46.0608
ETH,momentum,40,8,-99.0317,-8.2526,0.0000,99.8283,0.0000,2,2,45.0548
ETH,momentum,40,9,-99.0317,-8.2526,0.0000,99.8443,0.0000,2,2,45.0096
ETH,momentum,40,10,-99.0317,-8.2526,0.0000,99.8576,0.0000,2,2,44.9305
ETH,momentum,41,4,-99.0317,-8.2526,0.0000,99.7084,0.0000,2,2,55.2391
ETH,momentum,41,5,-99.0317,-8.2526,0.0000,99.7517,0.0000,2,2,47.9485
ETH,momentum,41,6,-99.0317,-8.2526,0.0000,99.7839,0.0000,2,2,47.8580
ETH,momentum,41,7,-99.0317,-8.2526,0.0000,99.8086,0.0000,2,2,46.0608
ETH,momentum,41,8,-99.0317,-8.2526,0.0000,99.8283,0.0000,2,2,45.0548
ETH,momentum,41,9,-99.0317,-8.2526,0.0000,99.8443,0.0000,2,2,45.0096
ETH,momentum,41,10,-99.0317,-8.2526,0.0000,99.8576,0.0000,2,2,44.9305
ETH,momentum,42,4,-99.0317,-8.2526,0.0000,99.7839,0.0000,2,2,47.8580
ETH,momentum,42,5,-99.0317,-8.2526,0.0000,99.7084,0.0000,2,2,55.2391
ETH,momentum,42,6,-99.0317,-8.2526,0.0000,99.7839,0.0000,2,2,47.8580
ETH,momentum,42,7,-99.0317,-8.2526,0.0000,99.8086,0.0000,2,2,46.0608
ETH,momentum,42,8,-99.0317,-8.2526,0.0000,99.8283,0.0000,2,2,45.0548
ETH,momentum,42,9,-99.0317,-8.2526,0.0000,99.8443,0.0000,2,2,45.0096
ETH,momentum,42,10,-99.0317,-8.2526,0.0000,99.8576,0.0000,2,2,44.9305
ETH,momentum,43,4,-99.0317,-8.2526,0.0000,99.7084,0.0000,2,2,55.2391
ETH,momentum,43,5,-99.0317,-8.2526,0.0000,99.7517,0.0000,2,2,47.9485
ETH,momentum,43,6,-99.0317,-8.2526,0.0000,99.7839,0.0000,2,2,47.8580
ETH,momentum,43,7,-99.0317,-8.2526,0.0000,99.8086,0.0000,2,2,46.0608
ETH,momentum,43,8,-99.0317,-8.2526,0.0000,99.8283,0.0000,2,2,45.0548
ETH,momentum,43,9,-99.0317,-8.2526,0.0000,99.8443,0.0000,2,2,45.0096
ETH,momentum,43,10,-99.0317,-8.2526,0.0000,99.8576,0.0000,2,2,44.9305
ETH,momentum,44,4,-99.0317,-8.2526,0.0000,99.7084,0.0000,2,2,55.2391
ETH,momentum,44,5,-99.0317,-8.2526,0.0000,99.7517,0.0000,2,2,47.9485
ETH,momentum,44,6,-99.0317,-8.2526,0.0000,99.7839,0.0000,2,2,47.8580
ETH,momentum,44,7,-99.0317,-8.2526,0.0000,99.8086,0.0000,2,2,46.0608
ETH,momentum,44,8,-99.0317,-8.2526,0.0000,99.8283,0.0000,2,2,45.0548
ETH,momentum,44,9,-99.0317,-8.2526,0.0000,99.8443,0.0000,2,2,45.0096
ETH,momentum,44,10,-99.0317,-8.2526,0.0000,99.8576,0.0000,2,2,44.9305
ETH,momentum,46,8,-99.0317,-8.2526,0.0000,99.8086,0.0000,2,2,46.0608
ETH,momentum,48,9,-99.0468,-8.2539,16.2964,99.6507,18.7500,32,2,34.5428
ETH,momentum,47,6,-99.1393,-8.2616,18.0786,99.7442,7.1429,14,2,44.3992
ETH,momentum,48,10,-99.1904,-8.2659,16.3091,99.6829,18.7500,32,2,34.5428
ETH,momentum,46,7,-99.1996,-8.2666,21.6472,99.6526,8.3333,12,2,37.0973
ETH,momentum,45,4,-99.2772,-8.2731,0.0000,99.7266,0.0000,4,2,55.0695
ETH,momentum,46,9,-99.3129,-8.2761,21.6568,99.6784,8.3333,12,2,37.0973
ETH,momentum,45,5,-99.3384,-8.2782,0.0000,99.7682,0.0000,4,2,53.0801
ETH,momentum,45,6,-99.3995,-8.2833,0.0000,99.7988,0.0000,4,2,47.6772
ETH,momentum,48,7,-99.4161,-8.2847,9.7235,99.7958,17.6471,34,2,34.7915
ETH,momentum,46,10,-99.4288,-8.2857,21.6644,99.7027,8.3333,12,2,37.0973
ETH,momentum,46,6,-99.4600,-8.2883,9.1257,99.8747,7.1429,14,2,44.2071
ETH,momentum,45,8,-99.4607,-8.2884,0.0000,99.8223,0.0000,4,2,47.4511
ETH,momentum,46,5,-99.5182,-8.2932,4.7091,99.8029,7.1429,14,2,45.6539
ETH,momentum,45,7,-99.5219,-8.2935,0.0000,99.8408,0.0000,4,2,45.8574
ETH,momentum,48,8,-99.5491,-8.2958,9.7438,99.8407,17.6471,34,2,34.7915
ETH,momentum,45,9,-99.5830,-8.2986,0.0000,99.8559,0.0000,4,2,44.8061
ETH,momentum,45,10,-99.6442,-8.3037,0.0000,99.8683,0.0000,4,2,44.8061
ETH,momentum,46,4,-99.7220,-8.3102,-10.4903,99.8815,5.0000,20,2,52.6958
ETH,momentum,47,7,-99.8548,-8.3212,31.0607,99.9504,7.6923,13,3,42.4438
ETH,momentum,47,8,-99.8603,-8.3217,31.0726,99.9521,7.6923,13,3,42.3533
ETH,momentum,47,9,-99.8681,-8.3223,31.0818,99.9537,7.6923,13,3,42.1160
ETH,momentum,47,10,-99.8781,-8.3232,31.0893,99.9551,7.6923,13,3,42.0595